,Ticker,Open,High,Low,Close,Adj Close,Volume,Percent_Change_From_Startdate,Change_Close_Less_Open
2021-01-04 09:30:00-05:00,UUP,26.21999931,27.25,26.20000076,27.22500038,27.22500038,0,3.832956119,1.005001068
2021-01-04 10:30:00-05:00,UUP,27.17250061,27.17250061,26.09757423,26.10504913,26.10504913,14384,-0.438406495,-1.067451477
2021-01-04 11:30:00-05:00,UUP,26.11249924,26.11249924,25.29500008,25.48875046,25.48875046,11734,-2.78889731,-0.623748779
2021-01-04 12:30:00-05:00,UUP,25.49500084,25.63249969,25.27504921,25.63249969,25.63249969,11451,-2.240654592,0.137498856
2021-01-04 13:30:00-05:00,UUP,25.68499947,25.77499962,25.54999924,25.73500061,25.73500061,4060,-1.84972813,0.050001144
2021-01-04 14:30:00-05:00,UUP,25.43499947,25.48875046,25.3125,25.43320084,25.43320084,1619,-3.000757047,-0.00179863
2021-01-04 15:30:00-05:00,UUP,25.36249924,25.62750053,25.36249924,25.57250023,25.57250023,5943,-2.469485513,0.210000992
2021-01-05 09:30:00-05:00,UUP,25.56500053,26.45582581,25.55750084,26.3661499,26.3661499,0,0.557401193,0.801149368
2021-01-05 10:30:00-05:00,UUP,26.30249977,26.375,26.17250061,26.25729942,26.25729942,3538,0.142258241,-0.045200348
2021-01-05 11:30:00-05:00,UUP,26.32259941,26.32259941,26.09250069,26.09250069,26.09250069,6258,-0.486264798,-0.230098724
2021-01-05 12:30:00-05:00,UUP,26.13249969,26.19249916,26.03092575,26.19249916,26.19249916,1987,-0.104882354,0.059999466
2021-01-05 13:30:00-05:00,UUP,26.29025078,26.43250084,26.29025078,26.43250084,26.43250084,5868,0.810455879,0.142250061
2021-01-05 14:30:00-05:00,UUP,26.45999908,26.45999908,26.30764961,26.32234955,26.32234955,3819,0.390351784,-0.137649536
2021-01-05 15:30:00-05:00,UUP,26.44249916,26.59000015,26.43250084,26.59000015,26.59000015,6574,1.411139775,0.147500992
2021-01-06 09:30:00-05:00,UUP,26.00749969,26.60499954,25.99250031,26.5,26.5,0,1.067889756,0.492500305
2021-01-06 10:30:00-05:00,UUP,26.63750076,26.86750031,26.63750076,26.86750031,26.86750031,9823,2.469492787,0.229999542
2021-01-06 11:30:00-05:00,UUP,26.88500023,27.07500076,26.70000076,27.07500076,27.07500076,4037,3.260875179,0.190000534
2021-01-06 12:30:00-05:00,UUP,27.10000038,27.10750008,26.86000061,26.86499977,26.86499977,1732,2.459956044,-0.23500061
2021-01-06 13:30:00-05:00,UUP,26.79249954,27.21750069,26.78499985,26.81749916,26.81749916,7057,2.278794291,0.024999619
2021-01-06 14:30:00-05:00,UUP,26.70000076,26.77874947,26.375,26.375,26.375,6648,0.591154427,-0.325000763
2021-01-06 15:30:00-05:00,UUP,26.26000023,26.39500046,26.15275002,26.22999954,26.22999954,8488,0.038139699,-0.030000687
2021-01-07 09:30:00-05:00,UUP,26.90250015,27.80750084,26.90250015,27.72249985,27.72249985,0,5.730360692,0.819999695
2021-01-07 10:30:00-05:00,UUP,27.81749916,28.07500076,27.80249977,27.94499969,27.94499969,6877,6.578948996,0.127500534
2021-01-07 11:30:00-05:00,UUP,28,28.10000038,27.8125,27.82500076,27.82500076,18298,6.121287153,-0.174999237
2021-01-07 12:30:00-05:00,UUP,27.90749931,27.94249916,27.77249908,27.89999962,27.89999962,4801,6.407323986,-0.007499695
2021-01-07 13:30:00-05:00,UUP,28,28.05999947,27.94249916,27.95499992,27.95499992,2714,6.617088695,-0.045000076
2021-01-07 14:30:00-05:00,UUP,28,28.07749939,27.99749947,28.07749939,28.07749939,2845,7.08428728,0.07749939
2021-01-07 15:30:00-05:00,UUP,28.16500092,28.37249947,28.08250046,28.25,28.25,20899,7.742184362,0.084999084
2021-01-08 09:30:00-05:00,UUP,29.43499947,29.43499947,28.13999939,28.14749908,28.14749908,29477,7.351257901,-1.287500381
2021-01-08 10:30:00-05:00,UUP,28.21249962,28.58374977,28.12504959,28.47177505,28.47177505,5431,8.588008393,0.259275436
2021-01-08 11:30:00-05:00,UUP,28.38497543,28.44000053,28.25584984,28.39249992,28.39249992,5638,8.285662346,0.00752449
2021-01-08 12:30:00-05:00,UUP,28.40250015,28.47750092,27.85000038,27.94102478,27.94102478,6430,6.563789138,-0.461475372
2021-01-08 13:30:00-05:00,UUP,27.94750023,27.9544754,27.65500069,27.91749954,27.91749954,5775,6.474066641,-0.030000687
2021-01-08 14:30:00-05:00,UUP,27.92777443,28.18000031,27.92777443,28.03499985,28.03499985,3000,6.922199014,0.107225418
2021-01-08 15:30:00-05:00,UUP,27.99250031,28.17749977,27.98999977,28.15999985,28.15999985,3523,7.398934343,0.167499542
2021-01-11 09:30:00-05:00,UUP,27.76000023,28.9666748,27.76000023,28.9666748,28.9666748,0,10.47549795,1.206674576
2021-01-11 10:30:00-05:00,UUP,29.04997444,29.16497421,28.73999977,28.91749954,28.91749954,8020,10.28794927,-0.132474899
2021-01-11 11:30:00-05:00,UUP,28.98749924,29.05247498,28.98749924,29.05247498,29.05247498,2002,10.80272973,0.064975739
2021-01-11 12:30:00-05:00,UUP,29.27000046,29.34244919,29.18250084,29.20000076,29.20000076,3623,11.36537577,-0.069999695
2021-01-11 13:30:00-05:00,UUP,29.20000076,29.20000076,29.00499916,29.03097534,29.03097534,3775,10.72073265,-0.169025421
2021-01-11 14:30:00-05:00,UUP,28.94779968,29.02000046,28.74374962,28.74374962,28.74374962,8565,9.625287457,-0.204050064
2021-01-11 15:30:00-05:00,UUP,28.73749924,28.89999962,28.73749924,28.8125,28.8125,3872,9.887493343,0.075000763
2021-01-12 09:30:00-05:00,UUP,29.08749962,29.20499992,28.58237457,29.07749939,29.07749939,0,10.89816991,-0.010000229
2021-01-12 10:30:00-05:00,UUP,29.14999962,29.6447506,29.12249947,29.59000015,29.59000015,9648,12.85278767,0.440000534
2021-01-12 11:30:00-05:00,UUP,29.55249977,29.55249977,28.8125,28.92499924,28.92499924,18106,10.31655223,-0.627500534
2021-01-12 12:30:00-05:00,UUP,29.02829933,29.22750092,28.97750092,29.125,29.125,7614,11.07933167,0.096700668
2021-01-12 13:30:00-05:00,UUP,29.20000076,29.32925034,28.98999977,28.98999977,28.98999977,7166,10.56445664,-0.210000992
2021-01-12 14:30:00-05:00,UUP,29.01499939,29.10499954,28.86000061,28.89374924,28.89374924,4221,10.1973684,-0.121250153
2021-01-12 15:30:00-05:00,UUP,28.92250061,29.14749908,28.89749908,29.13249969,29.13249969,0,11.10793462,0.209999084
2021-01-13 09:30:00-05:00,UUP,29.60499954,29.75499916,29.09749985,29.57500076,29.57500076,11916,12.79558176,-0.029998779
2021-01-13 10:30:00-05:00,UUP,29.55750084,29.60499954,29.28000069,29.31697464,29.31697464,4458,11.81150041,-0.240526199
2021-01-13 11:30:00-05:00,UUP,29.43250084,29.44249916,29.27750015,29.28249931,29.28249931,2683,11.68001556,-0.150001526
2021-01-13 12:30:00-05:00,UUP,29.45750046,29.58749962,29.45750046,29.58250046,29.58250046,1228,12.82418472,0.125
2021-01-13 13:30:00-05:00,UUP,29.55249977,29.66749954,29.51000023,29.57555008,29.57555008,5091,12.79767679,0.023050308
2021-01-13 14:30:00-05:00,UUP,29.65999985,29.65999985,29.35000038,29.35000038,29.35000038,3398,11.93745671,-0.309999466
2021-01-13 15:30:00-05:00,UUP,29.35250092,29.47249985,29.35250092,29.38249969,29.38249969,0,12.06140528,0.029998779
2021-01-14 09:30:00-05:00,UUP,29.94000053,30.45247459,29.94000053,30.40674973,30.40674973,16192,15.96777468,0.466749191
2021-01-14 10:30:00-05:00,UUP,30.38500023,30.64497566,30.38500023,30.62249947,30.62249947,11422,16.79061887,0.237499237
2021-01-14 11:30:00-05:00,UUP,30.76334953,30.77499962,30.55500031,30.63750076,30.63750076,11805,16.84783206,-0.12584877
2021-01-14 12:30:00-05:00,UUP,30.66500092,30.69249916,30.46750069,30.49250031,30.49250031,7830,16.29481733,-0.17250061
2021-01-14 13:30:00-05:00,UUP,30.46750069,30.58749962,30.4375,30.44057465,30.44057465,6028,16.09677896,-0.026926041
2021-01-14 14:30:00-05:00,UUP,30.47500038,30.53499985,30.25,30.25250053,30.25250053,4681,15.37948637,-0.222499847
2021-01-14 15:30:00-05:00,UUP,30.42000008,30.42250061,30.13999939,30.22500038,30.22500038,4291,15.27460402,-0.194999695
2021-01-15 09:30:00-05:00,UUP,30.34250069,30.34250069,28.65437508,28.83749962,28.83749962,0,9.982838954,-1.505001068
2021-01-15 10:30:00-05:00,UUP,28.77750015,29.24995041,28.75749969,29.24995041,29.24995041,6561,11.55587786,0.472450256
2021-01-15 11:30:00-05:00,UUP,29.29680061,29.30999947,29.00250053,29.01437569,29.01437569,15501,10.65742352,-0.282424927
2021-01-15 12:30:00-05:00,UUP,29.08625031,29.34749985,29.08625031,29.33250046,29.33250046,6522,11.87071406,0.246250153
2021-01-15 13:30:00-05:00,UUP,29.28499985,29.30500031,29.03499985,29.03499985,29.03499985,7391,10.73608165,-0.25
2021-01-15 14:30:00-05:00,UUP,29.13249969,29.15500069,28.97274971,28.97274971,28.97274971,3093,10.49866693,-0.159749985
2021-01-15 15:30:00-05:00,UUP,28.96999931,28.96999931,28.75,28.76499939,28.76499939,8999,9.70633159,-0.204999924
2021-01-19 09:30:00-05:00,UUP,29.45249939,29.85000038,29.45249939,29.77747536,29.77747536,12908,13.5677961,0.324975967
2021-01-19 10:30:00-05:00,UUP,29.85250092,29.85750008,29.68499947,29.72500038,29.72500038,7228,13.3676627,-0.127500534
2021-01-19 11:30:00-05:00,UUP,29.76000023,29.90999985,29.70000076,29.85000038,29.85000038,8441,13.84439803,0.090000153
2021-01-19 12:30:00-05:00,UUP,29.88999939,30.17749977,29.88249969,30.15999985,30.15999985,6724,15.02669961,0.270000458
2021-01-19 13:30:00-05:00,UUP,30.14500046,30.28224945,30.14500046,30.23250008,30.23250008,4403,15.30320697,0.087499619
2021-01-19 14:30:00-05:00,UUP,30.22249985,30.50499916,30.21999931,30.28249931,30.28249931,6524,15.49389819,0.059999466
2021-01-19 15:30:00-05:00,UUP,30.32749939,30.5,30.32749939,30.44750023,30.44750023,14759,16.12319232,0.120000839
2021-01-20 09:30:00-05:00,UUP,31.05999947,31.27000046,30.79332542,31.12249947,31.12249947,0,18.69756019,0.0625
2021-01-20 10:30:00-05:00,UUP,31.07999992,31.10750008,30.43250084,30.51250076,30.51250076,18588,16.37109673,-0.567499161
2021-01-20 11:30:00-05:00,UUP,30.42499924,30.51499939,30.34250069,30.4320755,30.4320755,10015,16.06436422,0.007076263
2021-01-20 12:30:00-05:00,UUP,30.42499924,30.56999969,30.41500092,30.48500061,30.48500061,8288,16.26621437,0.060001373
2021-01-20 13:30:00-05:00,UUP,30.54000092,30.54000092,30.37000084,30.37000084,30.37000084,5047,15.82761874,-0.170000076
2021-01-20 14:30:00-05:00,UUP,30.49500084,30.58499908,30.44000053,30.58499908,30.58499908,2301,16.64759682,0.089998245
2021-01-20 15:30:00-05:00,UUP,30.57500076,30.64247513,30.5279007,30.5625,30.5625,9198,16.56178795,-0.012500763
2021-01-21 09:30:00-05:00,UUP,30.83749962,30.97500038,30.38602448,30.83749962,30.83749962,14643,17.61060422,0
2021-01-21 10:30:00-05:00,UUP,30.89500046,31.0013752,30.77249908,30.92000008,30.92000008,10012,17.92525128,0.024999619
2021-01-21 11:30:00-05:00,UUP,30.96999931,30.96999931,30.53249931,30.53375053,30.53375053,6097,16.45214086,-0.436248779
2021-01-21 12:30:00-05:00,UUP,30.73152542,30.91497421,30.62999916,30.91497421,30.91497421,4283,17.90608323,0.183448792
2021-01-21 13:30:00-05:00,UUP,31.02499962,31.19750023,31.02499962,31.12750053,31.12750053,3943,18.71663367,0.102500916
2021-01-21 14:30:00-05:00,UUP,31.15999985,31.34250069,31.13999939,31.34250069,31.34250069,5033,19.53661902,0.182500839
2021-01-21 15:30:00-05:00,UUP,31.37750053,32.01250076,31.37750053,31.78249931,31.78249931,10057,21.21472214,0.404998779
2021-01-22 09:30:00-05:00,UUP,31.20499992,31.36499977,30.71439934,30.72999954,30.72999954,11459,17.20061154,-0.475000381
2021-01-22 10:30:00-05:00,UUP,30.80750084,30.86190033,30.65500069,30.76000023,30.76000023,4283,17.31503064,-0.04750061
2021-01-22 11:30:00-05:00,UUP,30.68250084,30.79997444,30.6800251,30.68837547,30.68837547,3199,17.04186223,0.005874634
2021-01-22 12:30:00-05:00,UUP,30.67002487,30.75,30.52750015,30.75,30.75,2795,17.27689094,0.079975128
2021-01-22 13:30:00-05:00,UUP,30.68000031,30.68499947,30.54000092,30.57500076,30.57500076,2511,16.60946439,-0.104999542
2021-01-22 14:30:00-05:00,UUP,30.56999969,30.6902256,30.56999969,30.64624977,30.64624977,2904,16.88119975,0.076250076
2021-01-22 15:30:00-05:00,UUP,30.64749908,30.66500092,30.50250053,30.50250053,30.50250053,6689,16.33295703,-0.14499855
2021-01-25 09:30:00-05:00,UUP,30.96292496,31.00250053,30.91250038,31,31,8805,18.2303616,0.037075043
2021-01-25 10:30:00-05:00,UUP,30.81435013,30.81435013,29.33749962,30.03750038,30.03750038,37559,14.55950102,-0.776849747
2021-01-25 11:30:00-05:00,UUP,29.90999985,30.27082443,29.57502556,29.5828743,29.5828743,6742,12.8256105,-0.327125549
2021-01-25 12:30:00-05:00,UUP,29.8125,30.32999992,29.78502464,30.32749939,30.32749939,5546,15.6655232,0.51499939
2021-01-25 13:30:00-05:00,UUP,30.36000061,30.37405014,30.21500015,30.22249985,30.22249985,2186,15.26506727,-0.137500763
2021-01-25 14:30:00-05:00,UUP,30.26844978,30.29999924,30.00250053,30.07749939,30.07749939,2857,14.71205255,-0.190950394
2021-01-25 15:30:00-05:00,UUP,30.09000015,30.39500046,30.09000015,30.39249992,30.39249992,1348,15.91342761,0.302499771
2021-01-26 09:30:00-05:00,UUP,30.61750031,30.61750031,29.97500038,30.17749977,30.17749977,13176,15.09344226,-0.440000534
2021-01-26 10:30:00-05:00,UUP,30.22999954,30.28000069,29.97875023,29.97875023,29.97875023,3374,14.33543484,-0.251249313
2021-01-26 11:30:00-05:00,UUP,30.02750015,30.03874969,29.80999947,29.83250046,29.83250046,59739,13.77765537,-0.194999695
2021-01-26 12:30:00-05:00,UUP,29.79999924,30.00502586,29.7859745,30.00499916,30.00499916,1677,14.43554518,0.204999924
2021-01-26 13:30:00-05:00,UUP,29.93000031,29.98587418,29.87000084,29.87000084,29.87000084,1667,13.92067743,-0.059999466
2021-01-26 14:30:00-05:00,UUP,29.80500031,29.83499908,29.74500084,29.74500084,29.74500084,393,13.4439421,-0.059999466
2021-01-26 15:30:00-05:00,UUP,29.66749954,29.70499992,29.57500076,29.60750008,29.60750008,5217,12.91953033,-0.059999466
2021-01-27 09:30:00-05:00,UUP,28.57999992,28.69249916,27.22500038,28.07999992,28.07999992,26436,7.093824024,-0.5
2021-01-27 10:30:00-05:00,UUP,28.11124992,28.11124992,27.50749969,27.50749969,27.50749969,6697,4.910375344,-0.603750229
2021-01-27 11:30:00-05:00,UUP,27.59329987,27.78750038,27.30137444,27.78750038,27.78750038,6148,5.9782651,0.194200516
2021-01-27 12:30:00-05:00,UUP,27.53750038,27.88687515,27.53750038,27.68320084,27.68320084,2285,5.580478875,0.145700455
2021-01-27 13:30:00-05:00,UUP,27.75,27.77000046,27.5,27.5,27.5,2644,4.881772388,-0.25
2021-01-27 14:30:00-05:00,UUP,27.25,27.33250046,26.58499908,26.58499908,26.58499908,12706,1.392066288,-0.665000916
2021-01-27 15:30:00-05:00,UUP,26.52249908,26.73995018,26.35984993,26.70000076,26.70000076,9934,1.830669192,0.177501678
2021-01-28 09:30:00-05:00,UUP,27.58250046,27.76749992,27.33499908,27.66875076,27.66875076,9726,5.525367992,0.086250305
2021-01-28 10:30:00-05:00,UUP,27.62750053,28.17250061,27.62280083,28.17250061,28.17250061,15730,7.446610786,0.545000076
2021-01-28 11:30:00-05:00,UUP,27.78502464,28.07999992,27.78502464,28.06749916,28.06749916,5592,7.046147581,0.282474518
2021-01-28 12:30:00-05:00,UUP,28.125,28.37747574,28.125,28.37747574,28.37747574,5452,8.228361868,0.252475739
2021-01-28 13:30:00-05:00,UUP,28.39249992,28.54500008,28.36025047,28.45247459,28.45247459,4074,8.5143987,0.05997467
2021-01-28 14:30:00-05:00,UUP,28.39249992,28.43124962,28.09747505,28.09747505,28.09747505,2148,7.160472112,-0.295024872
2021-01-28 15:30:00-05:00,UUP,28.04710007,28.10000038,27.72249985,27.72249985,27.72249985,2832,5.730360692,-0.32460022
2021-01-29 09:30:00-05:00,UUP,27.83499908,28.28874969,27.31749916,28.27614975,28.27614975,8003,7.841916439,0.441150665
2021-01-29 10:30:00-05:00,UUP,28.25250053,28.25250053,27.57999992,27.57999992,27.57999992,13072,5.186882708,-0.67250061
2021-01-29 11:30:00-05:00,UUP,27.50682449,27.64249992,27.26932526,27.29999924,27.29999924,2440,4.118992952,-0.206825256
2021-01-29 12:30:00-05:00,UUP,27.26499939,27.26499939,26.75,27.01002502,27.01002502,16787,3.013065338,-0.254974365
2021-01-29 13:30:00-05:00,UUP,27.15407562,27.22750092,26.98749924,27.20072556,27.20072556,3082,3.740374782,0.046649933
2021-01-29 14:30:00-05:00,UUP,26.86000061,27.30752563,26.86000061,27.29375076,27.29375076,10618,4.095162005,0.433750153
2021-01-29 15:30:00-05:00,UUP,27.29050064,27.29050064,26.94499969,26.94499969,26.94499969,8019,2.765066363,-0.345500946
2021-02-01 09:30:00-05:00,UUP,27.70999908,27.84124947,27.5,27.59499931,27.59499931,6066,5.244088619,-0.114999771
2021-02-01 10:30:00-05:00,UUP,27.78499985,28.06999969,27.5,28.06999969,28.06999969,2920,7.055684325,0.284999847
2021-02-01 11:30:00-05:00,UUP,28.10250092,28.31749916,28.10000038,28.31749916,28.31749916,1966,7.999618239,0.214998245
2021-02-01 12:30:00-05:00,UUP,28.36624908,28.54249954,28.36624908,28.54249954,28.54249954,1569,8.857743286,0.176250458
2021-02-01 13:30:00-05:00,UUP,28.65275002,28.83499908,28.58580017,28.8125,28.8125,6540,9.887493343,0.159749985
2021-02-01 14:30:00-05:00,UUP,28.81797409,28.87249947,28.79999924,28.83932495,28.83932495,4165,9.989800558,0.021350861
2021-02-01 15:30:00-05:00,UUP,28.80500031,28.94750023,28.77750015,28.88999939,28.88999939,5425,10.18306692,0.084999084
2021-02-02 09:30:00-05:00,UUP,29.65250015,29.65250015,29.04999924,29.22500038,29.22500038,20755,11.46072138,-0.427499771
2021-02-02 10:30:00-05:00,UUP,29.07749939,29.16500092,29,29.16252518,29.16252518,2207,11.22244829,0.085025787
2021-02-02 11:30:00-05:00,UUP,29.20874977,29.36750031,29.13750076,29.36750031,29.36750031,2039,12.00419937,0.158750534
2021-02-02 12:30:00-05:00,UUP,29.31274986,29.42497444,29.3084259,29.3084259,29.3084259,2215,11.77889653,-0.004323959
2021-02-02 13:30:00-05:00,UUP,29.3125,29.54999924,29.3125,29.54999924,29.54999924,4924,12.70022887,0.237499237
2021-02-02 14:30:00-05:00,UUP,29.56999969,29.87577438,29.56999969,29.87577438,29.87577438,3275,13.94269705,0.305774689
2021-02-02 15:30:00-05:00,UUP,29.86070061,29.88249969,29.78249931,29.88249969,29.88249969,4873,13.9683466,0.021799088
2021-02-03 09:30:00-05:00,UUP,30.12999916,30.16250038,29.17499924,29.17499924,29.17499924,0,11.27002289,-0.954999924
2021-02-03 10:30:00-05:00,UUP,29.18000031,29.29000092,29.0284996,29.0284996,29.0284996,3270,10.71129048,-0.151500702
2021-02-03 11:30:00-05:00,UUP,29.15132523,29.17972565,29.00499916,29.01000023,29.01000023,1777,10.64073604,-0.141324997
2021-02-03 12:30:00-05:00,UUP,29.05500031,29.12999916,29.04999924,29.0625,29.0625,1080,10.840964,0.007499695
2021-02-03 13:30:00-05:00,UUP,28.99250031,29.09910011,28.96249962,29.02667427,29.02667427,3253,10.70432887,0.034173965
2021-02-03 14:30:00-05:00,UUP,29.05500031,29.05500031,28.75607491,28.75607491,28.75607491,9212,9.672294655,-0.2989254
2021-02-03 15:30:00-05:00,UUP,28.80820084,28.91137505,28.80820084,28.81425095,28.81425095,5451,9.894171246,0.00605011
2021-02-04 09:30:00-05:00,UUP,28.55249977,28.56615067,28.16749954,28.35874939,28.35874939,9646,8.156941771,-0.193750381
2021-02-04 10:30:00-05:00,UUP,28.31749916,28.69205093,28.31749916,28.49250031,28.49250031,5842,8.667052065,0.175001144
2021-02-04 11:30:00-05:00,UUP,28.48875046,28.89340019,28.48875046,28.89340019,28.89340019,2328,10.19603718,0.404649734
2021-02-04 12:30:00-05:00,UUP,28.92000008,28.99374962,28.92000008,28.99374962,28.99374962,1012,10.57875812,0.073749542
2021-02-04 13:30:00-05:00,UUP,28.83402443,28.83402443,28.69000053,28.69619942,28.69619942,1567,9.44393657,-0.137825012
2021-02-04 14:30:00-05:00,UUP,28.69499969,28.88750076,28.68625069,28.88750076,28.88750076,1702,10.17353745,0.192501068
2021-02-04 15:30:00-05:00,UUP,28.92164993,28.94499969,28.92164993,28.94499969,28.94499969,702,10.39283163,0.023349762
2021-02-05 09:30:00-05:00,UUP,29.54000092,29.54000092,28.67562485,28.67562485,28.67562485,5509,9.365467576,-0.864376068
2021-02-05 10:30:00-05:00,UUP,28.71500015,28.8743248,28.69865036,28.71249962,28.71249962,3316,9.506103625,-0.002500534
2021-02-05 11:30:00-05:00,UUP,28.68375015,28.76997566,28.61249924,28.71375084,28.71375084,2898,9.510875634,0.030000687
2021-02-05 12:30:00-05:00,UUP,28.71999931,28.79999924,28.70125008,28.79999924,28.79999924,1517,9.8398169,0.079999924
2021-02-05 13:30:00-05:00,UUP,28.78750038,28.78750038,28.65999985,28.75625038,28.75625038,2218,9.6729639,-0.03125
2021-02-05 14:30:00-05:00,UUP,28.70999908,28.71249962,28.70750046,28.70750046,28.70750046,841,9.487037412,-0.002498627
2021-02-05 15:30:00-05:00,UUP,28.71997452,28.71997452,28.65415001,28.67499924,28.67499924,2499,9.363081571,-0.044975281
2021-02-08 09:30:00-05:00,UUP,28.85000038,29.91250038,28.85000038,29.58499908,29.58499908,9445,12.83371418,0.734998703
2021-02-08 10:30:00-05:00,UUP,29.66250038,29.83499908,29.66250038,29.69347572,29.69347572,14279,13.24743135,0.030975342
2021-02-08 11:30:00-05:00,UUP,29.64749908,30,29.64249992,30,30,4077,14.41647897,0.352500916
2021-02-08 12:30:00-05:00,UUP,30.17357445,30.20249939,30.07999992,30.20000076,30.20000076,3558,15.17925841,0.026426315
2021-02-08 13:30:00-05:00,UUP,30.21500015,30.24749947,30.15749931,30.23250008,30.23250008,2516,15.30320697,0.017499924
2021-02-08 14:30:00-05:00,UUP,30.25115013,30.49239922,30.25115013,30.37809944,30.37809944,8330,15.85850586,0.12694931
2021-02-08 15:30:00-05:00,UUP,30.42752457,30.54249954,30.42752457,30.52249908,30.52249908,8644,16.40922915,0.094974518
2021-02-09 09:30:00-05:00,UUP,30.40500069,30.76499939,30.29000092,30.62750053,30.62750053,24763,16.80969236,0.222499847
2021-02-09 10:30:00-05:00,UUP,30.6439743,30.6439743,30.24152565,30.24152565,30.24152565,4415,15.33762945,-0.402448654
2021-02-09 11:30:00-05:00,UUP,30.35750008,30.56092453,30.35499954,30.52924919,30.52924919,5022,16.43497327,0.171749115
2021-02-09 12:30:00-05:00,UUP,30.45000076,30.49250031,30.32250023,30.32250023,30.32250023,3014,15.64645699,-0.127500534
2021-02-09 13:30:00-05:00,UUP,30.31999969,30.35997581,30.26499939,30.35997581,30.35997581,1615,15.78938448,0.03997612
2021-02-09 14:30:00-05:00,UUP,30.33270073,30.42874908,30.33270073,30.35499954,30.35499954,10922,15.77040556,0.022298813
2021-02-09 15:30:00-05:00,UUP,30.30249977,30.30249977,30.23999977,30.26250076,30.26250076,2763,15.41762607,-0.039999008
2021-02-10 09:30:00-05:00,UUP,30.87249947,31.26499939,30.15500069,30.49250031,30.49250031,23059,16.29481733,-0.379999161
2021-02-10 10:30:00-05:00,UUP,30.36000061,30.61000061,29.82250023,30.54674911,30.54674911,5320,16.50171592,0.186748505
2021-02-10 11:30:00-05:00,UUP,30.51000023,30.65500069,30.51000023,30.51250076,30.51250076,1499,16.37109673,0.002500534
2021-02-10 12:30:00-05:00,UUP,30.64579964,30.65999985,30.64579964,30.65999985,30.65999985,1374,16.93364092,0.014200211
2021-02-10 13:30:00-05:00,UUP,30.65250015,30.67499924,30.53125,30.64999962,30.64999962,2279,16.89550122,-0.002500534
2021-02-10 14:30:00-05:00,UUP,30.77499962,30.94750023,30.76499939,30.86499977,30.86499977,7628,17.71548657,0.090000153
2021-02-10 15:30:00-05:00,UUP,30.77874947,30.78750038,30.40749931,30.57125092,30.57125092,2630,16.59516291,-0.20749855
2021-02-11 09:30:00-05:00,UUP,31.12249947,31.71500015,31.07595062,31.625,31.625,9125,20.61403825,0.502500534
2021-02-11 10:30:00-05:00,UUP,31.75,32.07875061,31.74500084,32.07875061,32.07875061,5693,22.34458982,0.32875061
2021-02-11 11:30:00-05:00,UUP,32.08527374,32.15000153,31.86207581,31.86207581,31.86207581,3922,21.51821754,-0.223197937
2021-02-11 12:30:00-05:00,UUP,31.81999969,32.17475128,31.67000008,32.17475128,32.17475128,3506,22.71072511,0.354751587
2021-02-11 13:30:00-05:00,UUP,32.25,32.38999939,32.17250061,32.25,32.25,8228,22.99771489,0
2021-02-11 14:30:00-05:00,UUP,32.28749847,32.46125031,32.22999954,32.43000031,32.43000031,7418,23.68421493,0.142501831
2021-02-11 15:30:00-05:00,UUP,32.4375,32.5,32.25,32.5,32.5,11178,23.95118555,0.0625
2021-02-12 09:30:00-05:00,UUP,32.18249893,32.99625015,31.91830063,32.99625015,32.99625015,9959,25.84382539,0.813751221
2021-02-12 10:30:00-05:00,UUP,32.98044968,33.375,32.98044968,33.21250153,33.21250153,7782,26.66858274,0.232051849
2021-02-12 11:30:00-05:00,UUP,33.17499924,33.30307388,33.08077621,33.30307388,33.30307388,2778,27.01401508,0.128074646
2021-02-12 12:30:00-05:00,UUP,33.27709961,33.27709961,32.82875061,32.88190079,32.88190079,5040,25.40771033,-0.395198822
2021-02-12 13:30:00-05:00,UUP,32.98249817,33.00500107,32.78250122,32.80120087,32.80120087,4314,25.0999303,-0.181297302
2021-02-12 14:30:00-05:00,UUP,32.67324829,32.90874863,32.63977432,32.89865112,32.89865112,2272,25.47159414,0.225402832
2021-02-12 15:30:00-05:00,UUP,32.9375,33.17750168,32.93500137,33.17750168,33.17750168,4583,26.53509743,0.240001678
2021-02-16 09:30:00-05:00,UUP,34,34.00249863,33.4756012,34.00249863,34.00249863,69097,29.68153897,0.002498627
2021-02-16 10:30:00-05:00,UUP,34.02500153,34.06359863,33.52249908,33.56999969,33.56999969,26738,28.0320388,-0.455001831
2021-02-16 11:30:00-05:00,UUP,33.5,33.75249863,33.22499847,33.40250015,33.40250015,3640,27.39321521,-0.097499847
2021-02-16 12:30:00-05:00,UUP,33.40750122,33.73747635,33.40750122,33.66249847,33.66249847,1971,28.38481829,0.254997253
2021-02-16 13:30:00-05:00,UUP,33.54882431,33.625,33.41635132,33.61249924,33.61249924,1557,28.19412707,0.063674927
2021-02-16 14:30:00-05:00,UUP,33.65499878,33.68999863,33.56499863,33.63249969,33.63249969,3322,28.27040647,-0.022499084
2021-02-16 15:30:00-05:00,UUP,33.61750031,33.66749954,33.49499893,33.66749954,33.66749954,6727,28.40389178,0.049999237
2021-02-17 09:30:00-05:00,UUP,32.91249847,33.04000092,32.13937378,32.13937378,32.13937378,20636,22.57579947,-0.773124695
2021-02-17 10:30:00-05:00,UUP,32.13249969,32.34500122,31.75,31.91382408,31.91382408,5722,21.71557939,-0.218675613
2021-02-17 11:30:00-05:00,UUP,31.87874985,32.05749893,31.59749985,32.05749893,32.05749893,5007,22.26353841,0.178749084
2021-02-17 12:30:00-05:00,UUP,32.14625168,32.47499847,32.14625168,32.40999985,32.40999985,9801,23.60793553,0.263748169
2021-02-17 13:30:00-05:00,UUP,32.29499817,32.51250076,32.28749847,32.28749847,32.28749847,1839,23.14072967,-0.007499695
2021-02-17 14:30:00-05:00,UUP,32.24874878,32.55749893,32.24874878,32.55749893,32.55749893,3734,24.17047973,0.308750153
2021-02-17 15:30:00-05:00,UUP,32.52750015,32.61999893,32.4259491,32.47249985,32.47249985,0,23.8463032,-0.055000305
2021-02-18 09:30:00-05:00,UUP,31.69249916,31.97500038,31.08200073,31.09799957,31.09799957,33107,18.60412047,-0.594499588
2021-02-18 10:30:00-05:00,UUP,31.10000038,31.44750023,31.04999924,31.41250038,31.41250038,9811,19.80358964,0.3125
2021-02-18 11:30:00-05:00,UUP,31.39749908,31.43499947,31.15749931,31.2710247,31.2710247,3775,19.26401801,-0.12647438
2021-02-18 12:30:00-05:00,UUP,31.4334259,31.69499969,31.3125,31.68052483,31.68052483,3947,20.82580342,0.247098923
2021-02-18 13:30:00-05:00,UUP,31.72500038,31.87999916,31.66250038,31.67250061,31.67250061,4228,20.7952,-0.052499771
2021-02-18 14:30:00-05:00,UUP,31.73875046,31.93000031,31.70249939,31.88999939,31.88999939,2620,21.62471482,0.151248932
2021-02-18 15:30:00-05:00,UUP,32.00125122,32.02750015,31.84000015,31.84000015,31.84000015,3123,21.43402359,-0.161251068
2021-02-19 09:30:00-05:00,UUP,32.62250137,33.13249969,32.62250137,33.125,33.125,19114,26.33486219,0.502498627
2021-02-19 10:30:00-05:00,UUP,33.16374969,33.5679245,33.16374969,33.5679245,33.5679245,4881,28.02412425,0.404174805
2021-02-19 11:30:00-05:00,UUP,33.52252579,33.5549736,32.85250092,32.99250031,32.99250031,14141,25.82952391,-0.530025482
2021-02-19 12:30:00-05:00,UUP,32.79499817,32.85874939,32.625,32.75,32.75,5576,24.90465621,-0.044998169
2021-02-19 13:30:00-05:00,UUP,32.72624969,33,32.72624969,32.92750168,32.92750168,6022,25.58162678,0.201251984
2021-02-19 14:30:00-05:00,UUP,32.90750122,33.28250122,32.90000153,33.27999878,33.27999878,4060,26.92600935,0.372497559
2021-02-19 15:30:00-05:00,UUP,33.16999817,33.20500183,33.06750107,33.08000183,33.08000183,2858,26.16324446,-0.089996338
2021-02-22 09:30:00-05:00,UUP,32.34249878,32.63249969,32.15000153,32.32500076,32.32500076,7488,23.283759,-0.017498016
2021-02-22 10:30:00-05:00,UUP,32.38497543,32.38497543,31.86624908,31.92499924,31.92499924,3333,21.75820013,-0.459976196
2021-02-22 11:30:00-05:00,UUP,31.81999969,31.81999969,31.45499992,31.47750092,31.47750092,17561,20.05149405,-0.342498779
2021-02-22 12:30:00-05:00,UUP,31.46999931,31.70084953,31.46999931,31.59874916,31.59874916,2895,20.51392063,0.128749847
2021-02-22 13:30:00-05:00,UUP,31.62999916,31.69000053,31.48999977,31.58250046,31.58250046,6302,20.45194998,-0.047498703
2021-02-22 14:30:00-05:00,UUP,31.42749977,31.42749977,30.68252563,30.68252563,30.68252563,6327,17.01955163,-0.744974136
2021-02-22 15:30:00-05:00,UUP,30.62000084,30.68000031,30.46750069,30.61499977,30.61499977,40461,16.76201591,-0.005001068
2021-02-23 09:30:00-05:00,UUP,30,30,27.77499962,29.28249931,29.28249931,71014,11.68001556,-0.717500687
2021-02-23 10:30:00-05:00,UUP,29.27829933,30.10000038,29.27829933,29.48500061,29.48500061,11164,12.45233174,0.206701279
2021-02-23 11:30:00-05:00,UUP,29.46750069,29.47249985,28.68000031,29.19000053,29.19000053,8797,11.32723607,-0.277500153
2021-02-23 12:30:00-05:00,UUP,29.18499947,29.32999992,28.54750061,29.32999992,29.32999992,10657,11.86117731,0.145000458
2021-02-23 13:30:00-05:00,UUP,29.28249931,29.66749954,29.12000084,29.66749954,29.66749954,13041,13.14836125,0.385000229
2021-02-23 14:30:00-05:00,UUP,29.42749977,30.60000038,29.39999962,30.54000092,30.54000092,11476,16.47597908,1.112501144
2021-02-23 15:30:00-05:00,UUP,30.57500076,30.61750031,30.16250038,30.26000023,30.26000023,15230,15.40808933,-0.315000534
2021-02-24 09:30:00-05:00,UUP,29.81500053,30.15250015,29.28084946,29.77499962,29.77499962,20834,13.55835392,-0.040000916
2021-02-24 10:30:00-05:00,UUP,29.77499962,30.31500053,29.77215004,30.31500053,30.31500053,3506,15.61785403,0.540000916
2021-02-24 11:30:00-05:00,UUP,30.37000084,31.08499908,30.37000084,31.06419945,31.06419945,3355,18.47521076,0.694198608
2021-02-24 12:30:00-05:00,UUP,31.25,31.39749908,30.98999977,31.37125015,31.37125015,7971,19.64626611,0.121250153
2021-02-24 13:30:00-05:00,UUP,31.52000046,31.72500038,31.52000046,31.72500038,31.72500038,2510,20.99542796,0.204999924
2021-02-24 14:30:00-05:00,UUP,31.6875,31.89374924,31.66250038,31.6875,31.6875,4343,20.85240591,0
2021-02-24 15:30:00-05:00,UUP,31.87750053,32.16249847,31.87750053,32.15499878,32.15499878,33760,22.63539139,0.277498245
2021-02-25 09:30:00-05:00,UUP,31.47750092,31.81672478,30.65999985,30.69000053,30.69000053,5353,17.04806002,-0.787500381
2021-02-25 10:30:00-05:00,UUP,30.71500015,30.77000046,30.25,30.45249939,30.45249939,7430,16.14225853,-0.262500763
2021-02-25 11:30:00-05:00,UUP,30.39749908,30.39749908,29.4375,29.49749947,29.49749947,8844,12.50000091,-0.899999619
2021-02-25 12:30:00-05:00,UUP,29.39999962,29.44262505,28.63500023,29.19059944,29.19059944,11120,11.32952024,-0.209400177
2021-02-25 13:30:00-05:00,UUP,29.19000053,29.69499969,28.93124962,29.69499969,29.69499969,6130,13.2532436,0.504999161
2021-02-25 14:30:00-05:00,UUP,29.1875,29.22999954,28.5,28.5,28.5,19585,8.69565502,-0.6875
2021-02-25 15:30:00-05:00,UUP,28.5,28.76749992,28.25250053,28.5625,28.5625,47909,8.934022685,0.0625
2021-02-26 09:30:00-05:00,UUP,29.29500008,29.59499931,28.5625,28.6875,28.6875,22579,9.410758014,-0.607500076
2021-02-26 10:30:00-05:00,UUP,28.5,29.51250076,28.35124969,29.29965019,29.29965019,22093,11.745427,0.799650192
2021-02-26 11:30:00-05:00,UUP,29.58499908,30.20499992,29.58499908,30.05999947,30.05999947,3403,14.64530989,0.475000381
2021-02-26 12:30:00-05:00,UUP,30.15999985,30.19750023,29.69499969,30.19625092,30.19625092,8247,15.16495693,0.036251068
2021-02-26 13:30:00-05:00,UUP,30.22397423,30.22397423,29.6875,29.72500038,29.72500038,13748,13.3676627,-0.498973846
2021-02-26 14:30:00-05:00,UUP,29.71500015,30.18499947,29.71500015,29.75,29.75,4600,13.46300831,0.034999847
2021-02-26 15:30:00-05:00,UUP,29.79000092,30.25499916,29.79000092,29.81500053,29.81500053,4688,13.71091272,0.024999619
2021-03-01 09:30:00-05:00,UUP,30.73500061,30.73500061,30.17000008,30.65250015,30.65250015,8387,16.90503797,-0.082500458
2021-03-01 10:30:00-05:00,UUP,30.60750008,30.95750046,30.49250031,30.875,30.875,6023,17.75362627,0.267499924
2021-03-01 11:30:00-05:00,UUP,30.97374916,31.2214756,30.97374916,31.03000069,31.03000069,3525,18.3447807,0.056251526
2021-03-01 12:30:00-05:00,UUP,31.05500031,31.10750008,30.95000076,31.01099968,31.01099968,2450,18.27231309,-0.044000626
2021-03-01 13:30:00-05:00,UUP,31.01250076,31.24250031,30.92499924,31.23374939,31.23374939,2968,19.12185434,0.221248627
2021-03-01 14:30:00-05:00,UUP,31.29125023,31.43729973,31.23749924,31.24749947,31.24749947,3271,19.17429552,-0.043750763
2021-03-01 15:30:00-05:00,UUP,31.30999947,31.4375,31.22500038,31.35779953,31.35779953,4354,19.59496701,0.047800064
2021-03-02 09:30:00-05:00,UUP,31.60000038,31.60000038,30.65625,30.76250076,30.76250076,16304,17.32456739,-0.837499619
2021-03-02 10:30:00-05:00,UUP,30.74749947,30.79249954,30.42499924,30.42499924,30.42499924,3385,16.03737618,-0.322500229
2021-03-02 11:30:00-05:00,UUP,30.25374985,30.30714989,30.04500008,30.20249939,30.20249939,4758,15.18878787,-0.051250458
2021-03-02 12:30:00-05:00,UUP,30.25499916,30.62750053,30.25499916,30.62750053,30.62750053,2633,16.80969236,0.372501373
2021-03-02 13:30:00-05:00,UUP,30.59499931,30.66250038,30.28000069,30.28000069,30.28000069,5069,15.48436872,-0.314998627
2021-03-02 14:30:00-05:00,UUP,30.36000061,30.45249939,30.11000061,30.13500023,30.13500023,2803,14.931354,-0.225000381
2021-03-02 15:30:00-05:00,UUP,30.12000084,30.24749947,29.62249947,29.62249947,29.62249947,13605,12.97673624,-0.497501373
2021-03-03 09:30:00-05:00,UUP,29.625,29.63750076,28.67499924,28.90335083,28.90335083,12819,10.23398775,-0.72164917
2021-03-03 10:30:00-05:00,UUP,28.86750031,29.27499962,28.70000076,29.27499962,29.27499962,3664,11.65141261,0.407499313
2021-03-03 11:30:00-05:00,UUP,29.45000076,29.45000076,28.80750084,28.80750084,28.80750084,3908,9.868427131,-0.642499924
2021-03-03 12:30:00-05:00,UUP,28.79000092,28.90500069,28.59000015,28.6875,28.6875,7210,9.410758014,-0.102500916
2021-03-03 13:30:00-05:00,UUP,28.8125,28.8125,27.80005074,27.80005074,27.80005074,12354,6.026130677,-1.012449265
2021-03-03 14:30:00-05:00,UUP,27.76749992,28.25499916,27.67250061,27.97249985,27.97249985,6006,6.68383135,0.204999924
2021-03-03 15:30:00-05:00,UUP,27.95000076,28.24250031,27.69000053,27.69000053,27.69000053,11364,5.606412125,-0.260000229
2021-03-04 09:30:00-05:00,UUP,27.5,27.93492508,26.02000046,26.375,26.375,98473,0.591154427,-1.125
2021-03-04 10:30:00-05:00,UUP,26.46750069,27.11750031,26.46750069,26.64999962,26.64999962,7318,1.639970696,0.182498932
2021-03-04 11:30:00-05:00,UUP,27.03000069,27.17000008,26.25250053,26.47999954,26.47999954,8842,0.991610357,-0.550001144
2021-03-04 12:30:00-05:00,UUP,26.07250023,26.25,25.21224976,25.39752579,25.39752579,13213,-3.136817496,-0.674974442
2021-03-04 13:30:00-05:00,UUP,25.29500008,25.44824982,24.61499977,25.43067551,25.43067551,63843,-3.010388358,0.13567543
2021-03-04 14:30:00-05:00,UUP,25.32719994,25.74749947,25.22747421,25.38500023,25.38500023,30163,-3.184588506,0.057800293
2021-03-04 15:30:00-05:00,UUP,25.40500069,25.61750031,25.19577408,25.19577408,25.19577408,3331,-3.906274835,-0.209226608
2021-03-05 09:30:00-05:00,UUP,26.25,26.30249977,24.69750023,24.72422409,24.72422409,21942,-5.704711144,-1.525775909
2021-03-05 10:30:00-05:00,UUP,24.68162537,25.05624962,23.99250031,24.01000023,24.01000023,11480,-8.428677126,-0.671625137
2021-03-05 11:30:00-05:00,UUP,24.14999962,25.44217491,24.14999962,25.44217491,25.44217491,13042,-2.966530977,1.292175293
2021-03-05 12:30:00-05:00,UUP,25.56500053,26.31500053,25.56500053,26.24250031,26.24250031,26934,0.085816142,0.677499771
2021-03-05 13:30:00-05:00,UUP,26.27750015,26.48749924,26.08250046,26.34000015,26.34000015,3736,0.457669117,0.0625
2021-03-05 14:30:00-05:00,UUP,26.42510033,26.75,26.42510033,26.63500023,26.63500023,3934,1.582764784,0.209899902
2021-03-05 15:30:00-05:00,UUP,26.62249947,26.71997452,26.57500076,26.59749985,26.59749985,4689,1.439742731,-0.024999619
2021-03-08 09:30:00-05:00,UUP,26.49749947,26.71750069,25.80270004,26.34000015,26.34000015,10158,0.457669117,-0.157499313
2021-03-08 10:30:00-05:00,UUP,26.42499924,26.57999992,25.92000008,26.12750053,26.12750053,3650,-0.352779488,-0.297498703
2021-03-08 11:30:00-05:00,UUP,25.72999954,25.72999954,25.12750053,25.49447441,25.49447441,7589,-2.767066824,-0.235525131
2021-03-08 12:30:00-05:00,UUP,25.59250069,25.61499977,25.35250092,25.3872757,25.3872757,4709,-3.175910142,-0.205224991
2021-03-08 13:30:00-05:00,UUP,25.0189991,25.0189991,24.48250008,24.58499908,24.58499908,10112,-6.235698977,-0.434000015
2021-03-08 14:30:00-05:00,UUP,24.90250015,24.90500069,24.01874924,24.125,24.125,9768,-7.990081496,-0.777500153
2021-03-08 15:30:00-05:00,UUP,24.08250046,24.33499908,23.87249947,23.87249947,23.87249947,36018,-8.953088897,-0.210000992
2021-03-09 09:30:00-05:00,UUP,25.33499908,26.42000008,25.33499908,26.27000046,26.27000046,20118,0.190698496,0.935001373
2021-03-09 10:30:00-05:00,UUP,26.07697487,26.35499954,26.05500031,26.31999969,26.31999969,11829,0.381389718,0.243024826
2021-03-09 11:30:00-05:00,UUP,26.375,26.58252525,26.24749947,26.56500053,26.56500053,5246,1.315794164,0.190000534
2021-03-09 12:30:00-05:00,UUP,26.55500031,26.76619911,26.41749954,26.72699928,26.72699928,5450,1.933638378,0.171998978
2021-03-09 13:30:00-05:00,UUP,26.77874947,27,26.77874947,26.81502533,26.81502533,4756,2.269359389,0.036275864
2021-03-09 14:30:00-05:00,UUP,26.89387512,27.14117432,26.89387512,27.11499977,27.11499977,6459,3.413426702,0.221124649
2021-03-09 15:30:00-05:00,UUP,27.15500069,27.15500069,26.70249939,26.89249992,26.89249992,5610,2.564838398,-0.262500763
2021-03-10 09:30:00-05:00,UUP,27.67749977,27.87000084,26.66250038,26.66250038,26.66250038,11515,1.687647138,-1.01499939
2021-03-10 10:30:00-05:00,UUP,27.02000046,27.02000046,26.51499939,26.96999931,26.96999931,4682,2.860411974,-0.050001144
2021-03-10 11:30:00-05:00,UUP,26.55500031,26.9021244,26.55500031,26.74749947,26.74749947,3272,2.01182367,0.192499161
2021-03-10 12:30:00-05:00,UUP,26.35000038,26.73500061,26.35000038,26.73500061,26.73500061,1853,1.964154502,0.385000229
2021-03-10 13:30:00-05:00,UUP,26.23250008,26.54000092,26.22750092,26.38125038,26.38125038,3390,0.614992648,0.148750305
2021-03-10 14:30:00-05:00,UUP,26.30592537,26.50600052,26.23500061,26.23500061,26.23500061,4003,0.057213186,-0.070924759
2021-03-10 15:30:00-05:00,UUP,26.17499924,26.375,26.13500023,26.13500023,26.13500023,1614,-0.324176532,-0.039999008
2021-03-11 09:30:00-05:00,UUP,27.36499977,27.77865028,27.20750046,27.47249985,27.47249985,16678,4.776890034,0.107500076
2021-03-11 10:30:00-05:00,UUP,27.57500076,28.04999924,27.57500076,28.01885033,28.01885033,6769,6.860606637,0.443849564
2021-03-11 11:30:00-05:00,UUP,28.18000031,28.26625061,28.05497551,28.17124939,28.17124939,2640,7.441838777,-0.008750916
2021-03-11 12:30:00-05:00,UUP,28.17625046,28.23177528,28.13805008,28.13805008,28.13805008,1832,7.315220504,-0.038200378
2021-03-11 13:30:00-05:00,UUP,28.13752556,28.24824905,28,28.22977448,28.22977448,6522,7.665046584,0.092248917
2021-03-11 14:30:00-05:00,UUP,28.22750092,28.22999954,28.08250046,28.12999916,28.12999916,15490,7.284515246,-0.097501755
2021-03-11 15:30:00-05:00,UUP,28.10750008,28.17250061,27.97500038,28.08250046,28.08250046,6707,7.103360767,-0.024999619
2021-03-12 09:30:00-05:00,UUP,27.1875,27.52702522,26.8125,27.29500008,27.29500008,8555,4.099926739,0.107500076
2021-03-12 10:30:00-05:00,UUP,27.125,27.125,26.75,26.98500061,26.98500061,4394,2.91762516,-0.13999939
2021-03-12 11:30:00-05:00,UUP,27.02000046,27.29249954,26.94000053,27.24749947,27.24749947,7958,3.918764987,0.227499008
2021-03-12 12:30:00-05:00,UUP,27.32749939,27.39500046,27.15749931,27.22252464,27.22252464,3037,3.823513943,-0.104974747
2021-03-12 13:30:00-05:00,UUP,27.40500069,27.40500069,27.23500061,27.28000069,27.28000069,2421,4.042720828,-0.125
2021-03-12 14:30:00-05:00,UUP,27.30999947,27.48999977,27.30999947,27.40999985,27.40999985,2562,4.538522369,0.100000381
2021-03-12 15:30:00-05:00,UUP,27.42749977,27.59749985,27.42749977,27.50250053,27.50250053,4028,4.891309132,0.075000763
2021-03-15 09:30:00-04:00,UUP,27.87999916,28.28249931,27.5,27.97249985,27.97249985,11934,6.68383135,0.092500687
2021-03-15 10:30:00-04:00,UUP,27.95499992,28.31999969,27.84499931,27.88875008,27.88875008,7927,6.364419552,-0.066249847
2021-03-15 11:30:00-04:00,UUP,27.75,28.12000084,27.75,28.04249954,28.04249954,1923,6.95080197,0.292499542
2021-03-15 12:30:00-04:00,UUP,28.04000092,28.04249954,27.98500061,27.99842453,27.99842453,2578,6.782705047,-0.041576385
2021-03-15 13:30:00-04:00,UUP,28.04999924,28.42284966,28.04500008,28.42092514,28.42092514,3571,8.394072787,0.370925903
2021-03-15 14:30:00-04:00,UUP,28.45999908,28.5,28.36750031,28.39500046,28.39500046,6298,8.29519909,-0.064998627
2021-03-15 15:30:00-04:00,UUP,28.37750053,28.76499939,28.37750053,28.76499939,28.76499939,6915,9.70633159,0.387498856
2021-03-16 09:30:00-04:00,UUP,29.23500061,30.17250061,29.13750076,30.02942467,30.02942467,17310,14.5287012,0.794424057
2021-03-16 10:30:00-04:00,UUP,30.25,30.28912544,30.05500031,30.25749969,30.25749969,12448,15.39855258,0.007499695
2021-03-16 11:30:00-04:00,UUP,30.125,30.19750023,29.61000061,29.61000061,29.61000061,7191,12.92906707,-0.51499939
2021-03-16 12:30:00-04:00,UUP,29.71249962,30.15999985,29.71249962,30.15999985,30.15999985,4818,15.02669961,0.447500229
2021-03-16 13:30:00-04:00,UUP,29.89999962,29.89999962,29.25,29.25,29.25,4408,11.55606699,-0.649999619
2021-03-16 14:30:00-04:00,UUP,29.28000069,29.60000038,29.07999992,29.59000015,29.59000015,6889,12.85278767,0.309999466
2021-03-16 15:30:00-04:00,UUP,29.64999962,29.64999962,29.38599968,29.45750046,29.45750046,4380,12.34744939,-0.192499161
2021-03-17 09:30:00-04:00,UUP,28.75,29.20000076,28.22750092,29.16500092,29.16500092,17786,11.23189046,0.415000916
2021-03-17 10:30:00-04:00,UUP,29.13999939,29.13999939,28.74702454,28.93829918,28.93829918,1809,10.36727665,-0.201700211
2021-03-17 11:30:00-04:00,UUP,28.87999916,29.25,28.62000084,29.25,29.25,1885,11.55606699,0.370000839
2021-03-17 12:30:00-04:00,UUP,29.08749962,29.08749962,28.8553009,28.98749924,28.98749924,3304,10.55491989,-0.100000381
2021-03-17 13:30:00-04:00,UUP,28.91250038,29.91749954,28.80500031,29.5625,29.5625,5971,12.74790532,0.649999619
2021-03-17 14:30:00-04:00,UUP,29.45929909,30.52750015,29.45929909,30.25499916,30.25499916,8487,15.38901584,0.795700073
2021-03-17 15:30:00-04:00,UUP,30.3125,30.36249924,29.91749954,30.11750031,30.11750031,8329,14.86461134,-0.194999695
2021-03-18 09:30:00-04:00,UUP,29.26499939,29.30750084,28.69502449,29.04405022,29.04405022,8177,10.77059869,-0.220949173
2021-03-18 10:30:00-04:00,UUP,28.97249985,29.16049957,28.87874985,29.02249908,29.02249908,3011,10.6884052,0.049999237
2021-03-18 11:30:00-04:00,UUP,28.96875,29.29999924,28.875,29.19499969,29.19499969,2537,11.34630229,0.226249695
2021-03-18 12:30:00-04:00,UUP,29.25807571,29.25807571,28.66124916,28.96750069,28.96750069,2226,10.47864777,-0.290575027
2021-03-18 13:30:00-04:00,UUP,28.84749985,28.96147537,28.5,28.5,28.5,5483,8.69565502,-0.347499847
2021-03-18 14:30:00-04:00,UUP,28.47249985,28.47249985,27.8607502,27.8607502,27.8607502,2621,6.257631304,-0.611749649
2021-03-18 15:30:00-04:00,UUP,27.92000008,27.92110062,27.54500008,27.54500008,27.54500008,9920,5.053397398,-0.375
2021-03-19 09:30:00-04:00,UUP,27.87750053,27.87750053,27.12249947,27.64249992,27.64249992,9425,5.425250372,-0.23500061
2021-03-19 10:30:00-04:00,UUP,27.6949749,28.09124947,27.29999924,28.01749992,28.01749992,3339,6.855456359,0.322525024
2021-03-19 11:30:00-04:00,UUP,28.11000061,28.37750053,28.11000061,28.28750038,28.28750038,2611,7.885206416,0.177499771
2021-03-19 12:30:00-04:00,UUP,28.45249939,28.60750008,28.43499947,28.60750008,28.60750008,5671,9.105647694,0.155000687
2021-03-19 13:30:00-04:00,UUP,28.60000038,28.72500038,28.30999947,28.44750023,28.44750023,11548,8.495427055,-0.152500153
2021-03-19 14:30:00-04:00,UUP,28.47999954,28.51124954,27.91250038,27.91749954,27.91749954,7005,6.474066641,-0.5625
2021-03-19 15:30:00-04:00,UUP,27.95750046,28.35000038,27.93874931,28.29249954,28.29249954,5050,7.904272628,0.334999084
2021-03-22 09:30:00-04:00,UUP,28.92000008,29.23875046,28.78974915,29,29,11723,10.60259634,0.079999924
2021-03-22 10:30:00-04:00,UUP,29.06419945,29.42000008,29.02750015,29.38780022,29.38780022,5810,12.08162085,0.323600769
2021-03-22 11:30:00-04:00,UUP,29.49500084,29.80500031,29.49500084,29.80500031,29.80500031,6362,13.67277302,0.309999466
2021-03-22 12:30:00-04:00,UUP,29.86750031,30.125,29.86750031,29.97807503,29.97807503,12419,14.3328597,0.110574722
2021-03-22 13:30:00-04:00,UUP,29.98875046,30.13999939,29.94499969,30.03249931,30.03249931,8658,14.54042754,0.043748856
2021-03-22 14:30:00-04:00,UUP,29.98250008,29.9999752,29.59000015,29.59000015,29.59000015,4399,12.85278767,-0.392499924
2021-03-22 15:30:00-04:00,UUP,29.65500069,29.65999985,29.43997574,29.49749947,29.49749947,16266,12.50000091,-0.157501221
2021-03-23 09:30:00-04:00,UUP,29.88750076,29.88750076,29.00250053,29.04750061,29.04750061,5825,10.78375809,-0.840000153
2021-03-23 10:30:00-04:00,UUP,28.75,29.13999939,28.73125076,29.125,29.125,4159,11.07933167,0.375
2021-03-23 11:30:00-04:00,UUP,29.125,29.125,28.46249962,28.66749954,28.66749954,7988,9.334478615,-0.457500458
2021-03-23 12:30:00-04:00,UUP,28.61499977,28.85750008,28.59749985,28.62750053,28.62750053,3653,9.181927093,0.012500763
2021-03-23 13:30:00-04:00,UUP,28.62750053,28.62750053,28.23999977,28.24749947,28.24749947,7982,7.732647619,-0.380001068
2021-03-23 14:30:00-04:00,UUP,28.31999969,28.32500076,27.875,27.875,27.875,9083,6.311978375,-0.444999695
2021-03-23 15:30:00-04:00,UUP,27.89249992,28.05500031,27.82500076,28.04750061,28.04750061,9883,6.969875457,0.155000687
2021-03-24 09:30:00-04:00,UUP,29.1875,29.19417572,28.01749992,28.09375,28.09375,13508,7.146265201,-1.09375
2021-03-24 10:30:00-04:00,UUP,28.75,28.77499962,28.55500031,28.67650032,28.67650032,6306,9.368806527,-0.07349968
2021-03-24 11:30:00-04:00,UUP,28.55500031,28.55500031,28.20750046,28.29500008,28.29500008,134987,7.913809372,-0.260000229
2021-03-24 12:30:00-04:00,UUP,28.3784256,28.3784256,28.04249954,28.04249954,28.04249954,1856,6.95080197,-0.335926056
2021-03-24 13:30:00-04:00,UUP,28.16250038,28.37000084,28.12249947,28.12252426,28.12252426,1425,7.256006857,-0.03997612
2021-03-24 14:30:00-04:00,UUP,28.00499916,28.00499916,27.70999908,27.74749947,27.74749947,4709,5.825706303,-0.257499695
2021-03-24 15:30:00-04:00,UUP,27.55750084,27.55750084,27.08499908,27.08499908,27.08499908,22362,3.299007604,-0.472501755
2021-03-25 09:30:00-04:00,UUP,26.29000092,27.00749969,26.15802574,26.63500023,26.63500023,79459,1.582764784,0.344999313
2021-03-25 10:30:00-04:00,UUP,26.60000038,26.60000038,25.71500015,25.79500008,25.79500008,16890,-1.620897209,-0.805000305
2021-03-25 11:30:00-04:00,UUP,26.42250061,27.01250076,26.12999916,27.01250076,27.01250076,4507,3.022507515,0.590000153
2021-03-25 12:30:00-04:00,UUP,26.99352455,27.10250092,26.69750023,26.88252449,26.88252449,3239,2.526793266,-0.111000061
2021-03-25 13:30:00-04:00,UUP,26.93250084,26.93250084,26.45999908,26.45999908,26.45999908,1626,0.915330959,-0.472501755
2021-03-25 14:30:00-04:00,UUP,26.51499939,27.11499977,26.51499939,27.07125092,27.07125092,3035,3.246573701,0.556251526
2021-03-25 15:30:00-04:00,UUP,27.05324936,27.31500053,27.05324936,27.10000038,27.10000038,2522,3.35622079,0.046751022
2021-03-26 09:30:00-04:00,UUP,27.02000046,28.05627441,26.83250046,28.05627441,28.05627441,7543,7.003337715,1.036273956
2021-03-26 10:30:00-04:00,UUP,28.15500069,28.38999939,27.75,27.79750061,27.79750061,10938,6.016404799,-0.357500076
2021-03-26 11:30:00-04:00,UUP,27.89249992,28.48250008,27.88249969,28.48250008,28.48250008,9892,8.628912365,0.590000153
2021-03-26 12:30:00-04:00,UUP,28.55999947,28.85750008,28.53750038,28.82250023,28.82250023,11218,9.925633042,0.262500763
2021-03-26 13:30:00-04:00,UUP,28.81074905,28.81074905,27.85750008,28.10250092,28.10250092,7103,7.179640166,-0.708248138
2021-03-26 14:30:00-04:00,UUP,28.14374924,28.88027573,27.97750092,28.88027573,28.88027573,13858,10.14598201,0.736526489
2021-03-26 15:30:00-04:00,UUP,28.92499924,29.5,28.89749908,29.5,29.5,9189,12.50953765,0.575000763
2021-03-29 09:30:00-04:00,UUP,29.25,29.28000069,28.41024971,28.75,28.75,10919,9.649125678,-0.5
2021-03-29 10:30:00-04:00,UUP,28.55249977,28.83749962,28.30750084,28.36750031,28.36750031,3414,8.190316736,-0.184999466
2021-03-29 11:30:00-04:00,UUP,28.35750008,28.74875069,28.35750008,28.52249908,28.52249908,2514,8.781463888,0.164999008
2021-03-29 12:30:00-04:00,UUP,28.77277565,29.27249908,28.77277565,29.06500053,29.06500053,2883,10.85050074,0.292224884
2021-03-29 13:30:00-04:00,UUP,29.21750069,29.21999931,28.53249931,28.55249977,28.55249977,2347,8.895882986,-0.665000916
2021-03-29 14:30:00-04:00,UUP,28.25,28.62112427,28.15237427,28.62112427,28.62112427,3107,9.157608761,0.371124268
2021-03-29 15:30:00-04:00,UUP,28.77249908,28.81500053,28.64500046,28.69750023,28.69750023,2478,9.448897713,-0.074998856
2021-03-30 09:30:00-04:00,UUP,28.1875,28.37000084,27.85250092,27.87242508,27.87242508,13089,6.30215793,-0.315074921
2021-03-30 10:30:00-04:00,UUP,28.04000092,28.46030045,28.04000092,28.40999985,28.40999985,2926,8.352405002,0.369998932
2021-03-30 11:30:00-04:00,UUP,28.43499947,28.5625,28.07500076,28.27750015,28.27750015,4198,7.847066717,-0.157499313
2021-03-30 12:30:00-04:00,UUP,28.24500084,28.24500084,28.18000031,28.23374939,28.23374939,562,7.680206442,-0.01125145
2021-03-30 13:30:00-04:00,UUP,28.3125,28.35000038,28.13500023,28.1909256,28.1909256,1675,7.516881527,-0.121574402
2021-03-30 14:30:00-04:00,UUP,28.24749947,28.53000069,28.24749947,28.51000023,28.51000023,3955,8.73379472,0.262500763
2021-03-30 15:30:00-04:00,UUP,28.58749962,28.63249969,28.20750046,28.30750084,28.30750084,2521,7.961485814,-0.279998779
2021-03-31 09:30:00-04:00,UUP,29.15250015,29.89749908,29,29.63999939,29.63999939,13109,13.04347889,0.487499237
2021-03-31 10:30:00-04:00,UUP,29.66399956,29.91749954,29.65500069,29.68250084,29.68250084,56978,13.20557443,0.018501282
2021-03-31 11:30:00-04:00,UUP,29.62750053,30.03199959,29.55147552,30.03199959,30.03199959,3962,14.53852164,0.404499054
2021-03-31 12:30:00-04:00,UUP,29.98999977,30.14925003,29.87000084,30.125,30.125,8810,14.8932143,0.135000229
2021-03-31 13:30:00-04:00,UUP,30.21750069,30.25,30.04999924,30.04999924,30.04999924,3555,14.60717019,-0.16750145
2021-03-31 14:30:00-04:00,UUP,30.20247459,30.32250023,30.20247459,30.26000023,30.26000023,2646,15.40808933,0.057525635
2021-03-31 15:30:00-04:00,UUP,30.23250008,30.31749916,29.88999939,29.96999931,29.96999931,49735,14.30205987,-0.262500763
2021-04-01 09:30:00-04:00,UUP,31.19249916,31.5625,31.00250053,31.47500038,31.47500038,33641,20.04195731,0.282501221
2021-04-01 10:30:00-04:00,UUP,31.45249939,31.67682457,31.36000061,31.46249962,31.46249962,11070,19.99428086,0.010000229
2021-04-01 11:30:00-04:00,UUP,31.35499954,31.41875076,31.16500092,31.41875076,31.41875076,4646,19.82742786,0.063751221
2021-04-01 12:30:00-04:00,UUP,31.41250038,31.5,31.33499908,31.33499908,31.33499908,3471,19.50800879,-0.077501297
2021-04-01 13:30:00-04:00,UUP,31.34250069,31.71249962,31.34250069,31.71249962,31.71249962,3260,20.94775152,0.369998932
2021-04-01 14:30:00-04:00,UUP,31.79624939,31.91250038,31.78125,31.80500031,31.80500031,7851,21.30053828,0.008750916
2021-04-01 15:30:00-04:00,UUP,31.80249977,31.92015076,31.72500038,31.92015076,31.92015076,10149,21.73970859,0.117650986
2021-04-05 09:30:00-04:00,UUP,32.89500046,33,32.23749924,33,33,22021,25.85812687,0.104999542
2021-04-05 10:30:00-04:00,UUP,32.97750092,32.98249817,32.39250183,32.72999954,32.72999954,13729,24.82837681,-0.247501373
2021-04-05 11:30:00-04:00,UUP,32.75999832,32.97000122,32.73125076,32.94749832,32.94749832,4273,25.65789163,0.1875
2021-04-05 12:30:00-04:00,UUP,32.98749924,33.21250153,32.9375,33.11750031,33.11750031,10301,26.30625924,0.130001068
2021-04-05 13:30:00-04:00,UUP,33.04750061,33.27999878,33.04750061,33.24000168,33.24000168,4103,26.7734651,0.192501068
2021-04-05 14:30:00-04:00,UUP,33.24000168,33.31750107,33.10499954,33.14025116,33.14025116,9236,26.39302833,-0.099750519
2021-04-05 15:30:00-04:00,UUP,33.14250183,33.16999817,33.02000046,33.13249969,33.13249969,4963,26.36346515,-0.010002136
2021-04-06 09:30:00-04:00,UUP,32.97499847,33.24250031,32.72499847,32.96500015,32.96500015,10210,25.72464156,-0.009998322
2021-04-06 10:30:00-04:00,UUP,32.90750122,33.25,32.90000153,33.25,33.25,7055,26.81159752,0.342498779
2021-04-06 11:30:00-04:00,UUP,33.27249908,33.27249908,33.00749969,33.00749969,33.00749969,1667,25.88672982,-0.26499939
2021-04-06 12:30:00-04:00,UUP,32.98249817,33.00894928,32.14250183,32.14250183,32.14250183,4149,22.58772949,-0.839996338
2021-04-06 13:30:00-04:00,UUP,31.97750092,32.65000153,31.92535019,32.65000153,32.65000153,3317,24.52327376,0.67250061
2021-04-06 14:30:00-04:00,UUP,32.48749924,32.60749817,32.48749924,32.59749985,32.59749985,2703,24.32303852,0.11000061
2021-04-06 15:30:00-04:00,UUP,32.5,32.51240158,32.25,32.44499969,32.44499969,4149,23.74142084,-0.055000305
2021-04-07 09:30:00-04:00,UUP,32.53250122,32.67499924,32.09749985,32.67499924,32.67499924,9369,24.6186121,0.142498016
2021-04-07 10:30:00-04:00,UUP,32.60499954,32.60499954,32.38164902,32.38164902,32.38164902,2370,23.49980879,-0.223350525
2021-04-07 11:30:00-04:00,UUP,32.22624969,32.24425125,32.05749893,32.18000031,32.18000031,4630,22.73074427,-0.04624939
2021-04-07 12:30:00-04:00,UUP,32.27500153,32.40499878,32.27500153,32.35749817,32.35749817,5158,23.40770029,0.082496643
2021-04-07 13:30:00-04:00,UUP,32.43999863,32.90999985,32.43999863,32.80002594,32.80002594,5060,25.09544927,0.360027313
2021-04-07 14:30:00-04:00,UUP,32.91500092,32.93500137,32.68999863,32.68999863,32.68999863,1600,24.67581801,-0.225002289
2021-04-07 15:30:00-04:00,UUP,32.54000092,32.65999985,32.54000092,32.64749908,32.64749908,5998,24.51372975,0.107498169
2021-04-08 09:30:00-04:00,UUP,33.40000153,33.4375,32.85749817,32.93999863,32.93999863,8173,25.62928867,-0.460002899
2021-04-08 10:30:00-04:00,UUP,32.87474823,33.06394958,32.82500076,33.06394958,33.06394958,12684,26.10202308,0.189201355
2021-04-08 11:30:00-04:00,UUP,33.14250183,33.15250015,32.99499893,33.01250076,33.01250076,12207,25.90580331,-0.130001068
2021-04-08 12:30:00-04:00,UUP,33.06999969,33.14250183,33.03250122,33.03250122,33.03250122,4191,25.98208271,-0.037498474
2021-04-08 13:30:00-04:00,UUP,33.09000015,33.13980103,32.97999954,33.11000061,33.11000061,2264,26.27765628,0.020000458
2021-04-08 14:30:00-04:00,UUP,33.16249847,33.25,33.11500168,33.25,33.25,2296,26.81159752,0.087501526
2021-04-08 15:30:00-04:00,UUP,33.15252686,33.26499939,33.09999847,33.26499939,33.26499939,5101,26.86880344,0.112472534
2021-04-09 09:30:00-04:00,UUP,32.95249939,33.125,32.61875153,33.03499985,33.03499985,5189,25.99161218,0.082500458
2021-04-09 10:30:00-04:00,UUP,32.98500061,33.13750076,32.94250107,32.97249985,32.97249985,2351,25.75324451,-0.012500763
2021-04-09 11:30:00-04:00,UUP,33.00249863,33.21749878,33.00249863,33.15750122,33.15750122,649,26.45881804,0.155002594
2021-04-09 12:30:00-04:00,UUP,33.13624954,33.15250015,33.08499908,33.08499908,33.08499908,1147,26.1823034,-0.051250458
2021-04-09 13:30:00-04:00,UUP,33.20750046,33.20750046,33.04750061,33.05500031,33.05500031,3203,26.06789157,-0.152500153
2021-04-09 14:30:00-04:00,UUP,33.00374985,33.11249924,32.86750031,33.11249924,33.11249924,4031,26.28718575,0.10874939
2021-04-09 15:30:00-04:00,UUP,33.09524918,33.34249878,33.09002686,33.31499863,33.31499863,4823,27.05949466,0.219749451
2021-04-12 09:30:00-04:00,UUP,33.05500031,33.05500031,32.4286499,32.62337494,32.62337494,10493,24.42172309,-0.431625366
2021-04-12 10:30:00-04:00,UUP,32.42499924,32.65000153,32.22000122,32.58499908,32.58499908,3648,24.27536208,0.159999847
2021-04-12 11:30:00-04:00,UUP,32.50249863,32.65000153,32.41249847,32.49000168,32.49000168,2804,23.91305312,-0.012496948
2021-04-12 12:30:00-04:00,UUP,32.58750153,32.88499832,32.58750153,32.73002625,32.73002625,3410,24.82847865,0.142524719
2021-04-12 13:30:00-04:00,UUP,32.53125,32.79624939,32.49250031,32.78472519,32.78472519,2325,25.037094,0.253475189
2021-04-12 14:30:00-04:00,UUP,32.77249908,32.80250168,32.68972397,32.80250168,32.80250168,2156,25.10489145,0.030002594
2021-04-12 15:30:00-04:00,UUP,32.76750183,32.89250183,32.76750183,32.88249969,32.88249969,2757,25.40999449,0.114997864
2021-04-13 09:30:00-04:00,UUP,33.18999863,33.29502487,32.49750137,32.59492493,32.59492493,7868,24.31321808,-0.5950737
2021-04-13 10:30:00-04:00,UUP,32.53499985,32.68249893,32.5,32.54000092,32.54000092,2848,24.10374435,0.005001068
2021-04-13 11:30:00-04:00,UUP,32.65000153,32.65000153,32.37897491,32.38000107,32.38000107,2440,23.49352371,-0.270000458
2021-04-13 12:30:00-04:00,UUP,32.46875,32.58000183,32.40000153,32.58000183,32.58000183,1434,24.25630314,0.111251831
2021-04-13 13:30:00-04:00,UUP,32.59024811,32.60250092,32.59000015,32.60250092,32.60250092,1489,24.34211201,0.012252808
2021-04-13 14:30:00-04:00,UUP,32.69049835,32.93249893,32.66749954,32.93000031,32.93000031,8844,25.59115625,0.239501953
2021-04-13 15:30:00-04:00,UUP,32.94499969,33.02000046,32.91249847,32.99499893,32.99499893,0,25.83905338,0.049999237
2021-04-14 09:30:00-04:00,UUP,32.85499954,33.06157684,32.65000153,32.70252609,32.70252609,9473,24.7235963,-0.15247345
2021-04-14 10:30:00-04:00,UUP,32.70750046,33.02500153,32.5,32.63000107,32.63000107,3272,24.44699437,-0.07749939
2021-04-14 11:30:00-04:00,UUP,32.64500046,32.80500031,32.61750031,32.776474,32.776474,1831,25.00562493,0.131473541
2021-04-14 12:30:00-04:00,UUP,32.62409973,32.70999908,32.57500076,32.57500076,32.57500076,1363,24.23722966,-0.049098969
2021-04-14 13:30:00-04:00,UUP,32.5,32.5,31.88750076,32.16500092,32.16500092,7806,22.67353836,-0.334999084
2021-04-14 14:30:00-04:00,UUP,32.125,32.17750168,31.78249931,32.17750168,32.17750168,2632,22.7212148,0.052501678
2021-04-14 15:30:00-04:00,UUP,32.18999863,32.18999863,31.98500061,31.98500061,31.98500061,5928,21.98703832,-0.204998016
2021-04-15 09:30:00-04:00,UUP,32.77000046,33.03002548,32.57249832,32.95999908,32.95999908,14063,25.70556807,0.189998627
2021-04-15 10:30:00-04:00,UUP,33.01499939,33.25,33.01499939,33.08250046,33.08250046,6901,26.17277393,0.067501068
2021-04-15 11:30:00-04:00,UUP,32.93500137,33.20500183,32.93000031,33.20500183,33.20500183,3882,26.63997979,0.270000458
2021-04-15 12:30:00-04:00,UUP,33.19499969,33.29999924,33.15250015,33.16524887,33.16524887,2671,26.48836666,-0.029750824
2021-04-15 13:30:00-04:00,UUP,33.31750107,33.52750015,33.3125,33.51750183,33.51750183,5322,27.83181811,0.200000763
2021-04-15 14:30:00-04:00,UUP,33.49750137,33.52500153,33.29499817,33.30250168,33.30250168,2483,27.01183276,-0.194999695
2021-04-15 15:30:00-04:00,UUP,33.4524498,33.52000046,33.38662338,33.40625,33.40625,0,27.40751669,-0.046199799
2021-04-16 09:30:00-04:00,UUP,33.50249863,33.54999924,33.08000183,33.23249817,33.23249817,11189,26.74484759,-0.270000458
2021-04-16 10:30:00-04:00,UUP,33.125,33.34500122,33.07635117,33.07635117,33.07635117,10737,26.14932125,-0.048648834
2021-04-16 11:30:00-04:00,UUP,33.15999985,33.27249908,33.15999985,33.27249908,33.27249908,1220,26.89740639,0.112499237
2021-04-16 12:30:00-04:00,UUP,33.1875,33.22499847,33.08499908,33.11249924,33.11249924,2690,26.28718575,-0.075000763
2021-04-16 13:30:00-04:00,UUP,33.1174736,33.1174736,32.9375,32.94749832,32.94749832,3230,25.65789163,-0.169975281
2021-04-16 14:30:00-04:00,UUP,33.01750183,33.04000092,32.98749924,33.03749847,33.03749847,5904,26.00114164,0.019996643
2021-04-16 15:30:00-04:00,UUP,32.99399948,33.04249954,32.9375,33.01499939,33.01499939,3858,25.91533278,0.020999908
2021-04-19 09:30:00-04:00,UUP,32.60250092,32.64749908,31.92284966,31.93000031,31.93000031,12290,21.77727361,-0.67250061
2021-04-19 10:30:00-04:00,UUP,31.88249969,31.88249969,31.31749916,31.43375015,31.43375015,10139,19.88463377,-0.448749542
2021-04-19 11:30:00-04:00,UUP,31.34874916,31.34874916,30.86750031,30.88624954,30.88624954,12694,17.79653071,-0.462499619
2021-04-19 12:30:00-04:00,UUP,30.85630035,31.08499908,30.72249985,31.04750061,31.04750061,5294,18.41152335,0.191200256
2021-04-19 13:30:00-04:00,UUP,30.95999908,31.14999962,30.87982559,31.01749992,31.01749992,4009,18.29710426,0.057500839
2021-04-19 14:30:00-04:00,UUP,31.04000092,31.14749908,30.89749908,31.00250053,31.00250053,5378,18.23989834,-0.037500381
2021-04-19 15:30:00-04:00,UUP,31,31.27249908,31,31.25499916,31.25499916,22959,19.20289847,0.254999161
2021-04-20 09:30:00-04:00,UUP,31.20750046,31.33749962,30.95000076,31.06749916,31.06749916,5675,18.48779548,-0.140001297
2021-04-20 10:30:00-04:00,UUP,30.98500061,30.98500061,30.12750053,30.24365044,30.24365044,23165,15.34573314,-0.741350174
2021-04-20 11:30:00-04:00,UUP,30.09027481,30.53375053,30.09027481,30.53375053,30.53375053,2119,16.45214086,0.443475723
2021-04-20 12:30:00-04:00,UUP,30.23749924,30.25250053,30.14500046,30.23749924,30.23749924,3978,15.32227318,0
2021-04-20 13:30:00-04:00,UUP,30.14249992,30.25250053,30.14249992,30.25,30.25,1819,15.36994963,0.107500076
2021-04-20 14:30:00-04:00,UUP,30.09000015,30.30999947,30.09000015,30.30999947,30.30999947,2919,15.59878055,0.219999313
2021-04-20 15:30:00-04:00,UUP,30.3125,30.52499962,30.30999947,30.43000031,30.43000031,2871,16.05644966,0.117500305
2021-04-21 09:30:00-04:00,UUP,30.27750015,31.03594971,30.27750015,31.00722504,31.00722504,5933,18.25791704,0.729724884
2021-04-21 10:30:00-04:00,UUP,30.98250008,31.15999985,30.8050251,31.11499977,31.11499977,2926,18.66895723,0.132499695
2021-04-21 11:30:00-04:00,UUP,31.10499954,31.20999908,31.08875084,31.20999908,31.20999908,9247,19.03127346,0.104999542
2021-04-21 12:30:00-04:00,UUP,31.3125,31.35750008,31.20000076,31.35750008,31.35750008,0,19.59382493,0.045000076
2021-04-21 13:30:00-04:00,UUP,31.35250092,31.46500015,31.26000023,31.46500015,31.46500015,22687,20.00381761,0.112499237
2021-04-21 14:30:00-04:00,UUP,31.39749908,31.39999962,31.3396244,31.36750031,31.36750031,1335,19.63196463,-0.029998779
2021-04-21 15:30:00-04:00,UUP,31.47500038,31.84000015,31.47500038,31.82500076,31.82500076,7954,21.37681768,0.350000381
2021-04-22 09:30:00-04:00,UUP,31.71750069,31.87249947,30.95405006,31.15087509,31.15087509,5157,18.80578149,-0.566625595
2021-04-22 10:30:00-04:00,UUP,31.27499962,31.37000084,31.18000031,31.28249931,31.28249931,1755,19.30778083,0.007499695
2021-04-22 11:30:00-04:00,UUP,31.32640076,31.37750053,31.21750069,31.37750053,31.37750053,2726,19.67010433,0.051099777
2021-04-22 12:30:00-04:00,UUP,31.43250084,31.48730087,30.66749954,31.05249977,31.05249977,3702,18.43058957,-0.380001068
2021-04-22 13:30:00-04:00,UUP,30.88999939,30.89749908,30.07247543,30.41250038,30.41250038,10705,15.98970701,-0.477499008
2021-04-22 14:30:00-04:00,UUP,30.53592491,30.53592491,30.2935257,30.2935257,30.2935257,2249,15.53595152,-0.242399216
2021-04-22 15:30:00-04:00,UUP,30.39749908,30.39749908,30.28499985,30.31749916,30.31749916,0,15.6273835,-0.079999924
2021-04-23 09:30:00-04:00,UUP,30.30500031,31.125,30.30500031,31.03249931,31.03249931,12859,18.35431017,0.727499008
2021-04-23 10:30:00-04:00,UUP,31.04750061,31.09499931,30.95919991,30.95919991,30.95919991,2765,18.07475483,-0.088300705
2021-04-23 11:30:00-04:00,UUP,31.14500046,31.24250031,31.04999924,31.04999924,31.04999924,40714,18.42105282,-0.095001221
2021-04-23 12:30:00-04:00,UUP,31.15500069,31.28750038,31.14500046,31.28750038,31.28750038,4206,19.32685431,0.132499695
2021-04-23 13:30:00-04:00,UUP,31.38500023,31.38500023,31.19499969,31.19750023,31.19750023,1715,18.98360429,-0.1875
2021-04-23 14:30:00-04:00,UUP,31.29874992,31.46750069,31.29874992,31.46750069,31.46750069,8854,20.01335435,0.168750763
2021-04-23 15:30:00-04:00,UUP,31.47999954,31.52777481,31.27499962,31.33749962,31.33749962,3867,19.51754553,-0.142499924
2021-04-26 09:30:00-04:00,UUP,31.3125,32.04750061,31.20425034,32.00624847,32.00624847,5143,22.06807518,0.693748474
2021-04-26 10:30:00-04:00,UUP,31.96862411,32.32249832,31.96862411,32.32249832,32.32249832,2406,23.27421498,0.353874207
2021-04-26 11:30:00-04:00,UUP,32.21500015,32.24747467,32.20000076,32.24499893,32.24499893,1788,22.9786414,0.029998779
2021-04-26 12:30:00-04:00,UUP,32.27500153,32.39250183,32.27500153,32.34249878,32.34249878,2327,23.35049438,0.067497253
2021-04-26 13:30:00-04:00,UUP,32.22999954,32.33250046,32.22750092,32.29499817,32.29499817,939,23.16933263,0.064998627
2021-04-26 14:30:00-04:00,UUP,32.31124878,32.38499832,32.3049736,32.30500031,32.30500031,2540,23.2074796,-0.006248474
2021-04-26 15:30:00-04:00,UUP,32.20000076,32.34000015,32.18277359,32.34000015,32.34000015,11759,23.34096491,0.13999939
2021-04-27 09:30:00-04:00,UUP,32.63000107,32.72497559,31.85000038,31.87924957,31.87924957,11162,21.58371628,-0.750751495
2021-04-27 10:30:00-04:00,UUP,32.02000046,32.11500168,31.87249947,31.9375,31.9375,3040,21.80587657,-0.082500458
2021-04-27 11:30:00-04:00,UUP,31.86000061,32.03250122,31.86000061,32.03250122,32.03250122,972,22.16820007,0.17250061
2021-04-27 12:30:00-04:00,UUP,31.95499992,31.95499992,31.94750023,31.94750023,31.94750023,807,21.84401627,-0.007499695
2021-04-27 13:30:00-04:00,UUP,31.91749954,32,31.91749954,32,32,560,22.04424423,0.082500458
2021-04-27 14:30:00-04:00,UUP,31.98250008,32.02000046,31.9375,31.95499992,31.95499992,1734,21.87261922,-0.027500153
2021-04-27 15:30:00-04:00,UUP,31.9375,32.0149765,31.89999962,31.89999962,31.89999962,2931,21.66285452,-0.037500381
2021-04-28 09:30:00-04:00,UUP,31.69249916,31.69249916,31.16749954,31.35874939,31.35874939,5128,19.59858967,-0.333749771
2021-04-28 10:30:00-04:00,UUP,31.13674927,31.13674927,30.75282478,30.85499954,30.85499954,5387,17.67734687,-0.281749725
2021-04-28 11:30:00-04:00,UUP,30.93000031,30.95999908,30.89500046,30.89500046,30.89500046,2845,17.82990567,-0.034999847
2021-04-28 12:30:00-04:00,UUP,30.98125076,30.98125076,30.84499931,30.93000031,30.93000031,1452,17.96339098,-0.051250458
2021-04-28 13:30:00-04:00,UUP,30.95999908,30.95999908,30.90999985,30.92822456,30.92822456,1210,17.95661851,-0.031774521
2021-04-28 14:30:00-04:00,UUP,31.25124931,31.25124931,30.95750046,31.05719948,31.05719948,12958,18.4485137,-0.194049835
2021-04-28 15:30:00-04:00,UUP,31.07500076,31.10874939,30.82749939,30.82749939,30.82749939,2856,17.57246452,-0.247501373
2021-04-29 09:30:00-04:00,UUP,31.54000092,31.57550049,31.12999916,31.25,31.25,9376,19.18383226,-0.290000916
2021-04-29 10:30:00-04:00,UUP,30.86199951,31.07500076,30.70000076,31.07500076,31.07500076,1855,18.51640571,0.213001251
2021-04-29 11:30:00-04:00,UUP,31.08250046,31.08250046,30.63999939,30.70000076,30.70000076,1184,17.08619972,-0.382499695
2021-04-29 12:30:00-04:00,UUP,30.76749992,30.93499947,30.76749992,30.93000031,30.93000031,2587,17.96339098,0.162500381
2021-04-29 13:30:00-04:00,UUP,30.94750023,31.25,30.94750023,31.20999908,31.20999908,3075,19.03127346,0.262498856
2021-04-29 14:30:00-04:00,UUP,31.23500061,31.37999916,31.23250008,31.29000092,31.29000092,5530,19.33639106,0.055000305
2021-04-29 15:30:00-04:00,UUP,31.28249931,31.38599968,31.28249931,31.34749985,31.34749985,1376,19.55568523,0.065000534
2021-04-30 09:30:00-04:00,UUP,30.48999977,30.77497482,30.35499954,30.75749969,30.75749969,14795,17.3054939,0.267499924
2021-04-30 10:30:00-04:00,UUP,30.80750084,30.80750084,30.26749992,30.26749992,30.26749992,6549,15.43669228,-0.540000916
2021-04-30 11:30:00-04:00,UUP,30.39249992,30.49110031,30.36499977,30.38125038,30.38125038,11066,15.87052318,-0.011249542
2021-04-30 12:30:00-04:00,UUP,30.27249908,30.27499962,30.17000008,30.18375015,30.18375015,4895,15.11728048,-0.088748932
2021-04-30 13:30:00-04:00,UUP,30.17499924,30.17499924,29.6875,29.81999969,29.81999969,7002,13.72997893,-0.354999542
2021-04-30 14:30:00-04:00,UUP,29.84874916,29.85499954,29.68499947,29.84749985,29.84749985,1960,13.83486129,-0.001249313
2021-04-30 15:30:00-04:00,UUP,29.79249954,29.83749962,29.64500046,29.80750084,29.80750084,7483,13.68230976,0.015001297
2021-05-03 09:30:00-04:00,UUP,30.10250092,30.24142456,29.43297577,29.43297577,29.43297577,16939,12.2539151,-0.669525146
2021-05-03 10:30:00-04:00,UUP,29.52187538,29.57500076,28.92749977,28.93437576,28.93437576,24864,10.3523132,-0.587499619
2021-05-03 11:30:00-04:00,UUP,28.90250015,29.04999924,28.90250015,29.03000069,29.03000069,6095,10.71701543,0.127500534
2021-05-03 12:30:00-04:00,UUP,28.88500023,29.04000092,28.87999916,29.04000092,29.04000092,3364,10.75515513,0.155000687
2021-05-03 13:30:00-04:00,UUP,28.9185257,29.13750076,28.9185257,29.13750076,29.13750076,2942,11.12700811,0.218975067
2021-05-03 14:30:00-04:00,UUP,29.22002411,29.31999969,29.13750076,29.13999939,29.13999939,2111,11.13653758,-0.080024719
2021-05-03 15:30:00-04:00,UUP,29.18000031,29.18499947,29.05750084,29.05750084,29.05750084,5277,10.82189779,-0.122499466
2021-05-04 09:30:00-04:00,UUP,28.1875,28.54999924,27.1875,27.55999947,27.55999947,40972,5.110603309,-0.627500534
2021-05-04 10:30:00-04:00,UUP,27.45499992,27.61750031,27.04999924,27.20249939,27.20249939,7467,3.747139977,-0.252500534
2021-05-04 11:30:00-04:00,UUP,27.29999924,27.47604942,27.20750046,27.47604942,27.47604942,5289,4.790427699,0.176050186
2021-05-04 12:30:00-04:00,UUP,27.44425011,27.72249985,27.43375015,27.6875,27.6875,4326,5.596875382,0.243249893
2021-05-04 13:30:00-04:00,UUP,27.65500069,27.91500092,27.61249924,27.80750084,27.80750084,10330,6.054544498,0.152500153
2021-05-04 14:30:00-04:00,UUP,27.82500076,28,27.79500008,27.81749916,27.81749916,8353,6.092676923,-0.007501602
2021-05-04 15:30:00-04:00,UUP,27.78504944,28.11499977,27.74749947,28.11499977,28.11499977,4737,7.227309334,0.329950333
2021-05-05 09:30:00-04:00,UUP,28.72750092,28.90500069,28.16250038,28.32500076,28.32500076,10303,8.02822847,-0.402500153
2021-05-05 10:30:00-04:00,UUP,28.60499954,29.05999947,28.60499954,28.78025055,28.78025055,5829,9.764497723,0.175251007
2021-05-05 11:30:00-04:00,UUP,29.11885071,29.13999939,29.04500008,29.04500008,29.04500008,1396,10.77422135,-0.073850632
2021-05-05 12:30:00-04:00,UUP,28.9564991,28.9564991,28.82999992,28.82999992,28.82999992,1621,9.954235998,-0.126499176
2021-05-05 13:30:00-04:00,UUP,28.91250038,28.91500092,28.6875,28.74500084,28.74500084,2088,9.630059466,-0.167499542
2021-05-05 14:30:00-04:00,UUP,28.76000023,28.8362751,28.25,28.25,28.25,3744,7.742184362,-0.510000229
2021-05-05 15:30:00-04:00,UUP,28.49500084,28.50499916,28.375,28.44750023,28.44750023,3572,8.495427055,-0.04750061
2021-05-06 09:30:00-04:00,UUP,28.22999954,28.29750061,27.70249939,27.84502411,27.84502411,9068,6.197653845,-0.384975433
2021-05-06 11:30:00-04:00,UUP,28.36249924,28.84250069,28.36249924,28.84250069,28.84250069,2799,10.00191244,0.48000145
2021-05-06 12:30:00-04:00,UUP,28.78750038,28.79249954,28.47249985,28.47249985,28.47249985,3489,8.590772666,-0.315000534
2021-05-06 13:30:00-04:00,UUP,28.36400032,28.36400032,27.96249962,27.96249962,27.96249962,1928,6.645691651,-0.401500702
2021-05-06 14:30:00-04:00,UUP,27.97249985,28.28750038,27.97249985,28.28750038,28.28750038,2230,7.885206416,0.315000534
2021-05-06 15:30:00-04:00,UUP,28.47500038,28.77499962,28.47500038,28.73527527,28.73527527,0,9.592967281,0.260274887
2021-05-07 09:30:00-04:00,UUP,29.64999962,30,29.29249954,29.85745049,29.85745049,15187,13.87281185,0.207450867
2021-05-07 10:30:00-04:00,UUP,29.89999962,30.02249908,29.71500015,29.76250076,29.76250076,7990,13.51068475,-0.137498856
2021-05-07 11:30:00-04:00,UUP,29.82999992,29.82999992,29.67000008,29.67749977,29.67749977,7684,13.18650095,-0.152500153
2021-05-07 12:30:00-04:00,UUP,29.67499924,29.71750069,29.45125008,29.45125008,29.45125008,2525,12.32361117,-0.223749161
2021-05-07 13:30:00-04:00,UUP,29.39749908,29.46750069,29.29742432,29.32002449,29.32002449,6393,11.82313218,-0.077474594
2021-05-07 14:30:00-04:00,UUP,29.55750084,29.71500015,29.55750084,29.70344925,29.70344925,9825,13.28546921,0.14594841
2021-05-07 15:30:00-04:00,UUP,29.71999931,29.73250008,29.61499977,29.65625,29.65625,4617,13.10545681,-0.063749313
2021-05-10 09:30:00-04:00,UUP,29.29500008,29.29500008,27.91007423,28.19750023,28.19750023,0,7.541956397,-1.097499847
2021-05-10 10:30:00-04:00,UUP,27.91500092,27.98999977,27.67499924,27.87999916,27.87999916,12421,6.331044588,-0.035001755
2021-05-10 11:30:00-04:00,UUP,27.84887505,28.08625031,27.83887482,28.08499908,28.08499908,3174,7.112890236,0.236124039
2021-05-10 12:30:00-04:00,UUP,27.95000076,27.96750069,27.86750031,27.88500023,27.88500023,3591,6.350118074,-0.065000534
2021-05-10 13:30:00-04:00,UUP,27.85750008,27.87000084,27.27499962,27.27750015,27.27750015,5951,4.033184084,-0.579999924
2021-05-10 14:30:00-04:00,UUP,27.25,27.4300251,27.25,27.41250038,27.41250038,6664,4.548059113,0.162500381
2021-05-10 15:30:00-04:00,UUP,27.31500053,27.31749916,27.02874947,27.05500031,27.05500031,6142,3.184595781,-0.260000229
2021-05-11 09:30:00-04:00,UUP,25.71249962,26.66749954,25.25,25.87750053,25.87750053,121532,-1.306250146,0.165000916
2021-05-11 10:30:00-04:00,UUP,25.79750061,26.68250084,25.68659973,26.67749977,26.67749977,6429,1.74485305,0.879999161
2021-05-11 11:30:00-04:00,UUP,26.6875,26.90749931,26.49250031,26.73732567,26.73732567,6130,1.973022,0.049825668
2021-05-11 12:30:00-04:00,UUP,26.77897453,27.13999939,26.58250046,27.13999939,27.13999939,14287,3.508772313,0.361024857
2021-05-11 13:30:00-04:00,UUP,27.14249992,27.24749947,26.98749924,27.01499939,27.01499939,12782,3.032036984,-0.127500534
2021-05-11 14:30:00-04:00,UUP,27.06749916,27.23749924,26.98250008,27.23749924,27.23749924,11616,3.880625287,0.170000076
2021-05-11 15:30:00-04:00,UUP,27.01000023,27.19404984,26.9375,27.18932533,27.18932533,7954,3.69689567,0.179325104
2021-05-12 09:30:00-04:00,UUP,26.17499924,26.34250069,25.62192535,25.69499969,25.69499969,22526,-2.002286927,-0.479999542
2021-05-12 10:30:00-04:00,UUP,25.5,25.82625008,25.46500015,25.67502594,25.67502594,5753,-2.078464484,0.17502594
2021-05-12 11:30:00-04:00,UUP,25.59375,25.59375,25.10499954,25.34749985,25.34749985,5348,-3.32761056,-0.246250153
2021-05-12 12:30:00-04:00,UUP,25.26250076,25.5,25.17250061,25.33250046,25.33250046,3582,-3.384816472,0.069999695
2021-05-12 13:30:00-04:00,UUP,25.31602478,25.31602478,25,25.04750061,25.04750061,2546,-4.47177244,-0.26852417
2021-05-12 14:30:00-04:00,UUP,25.12999916,25.28125,24.875,24.94000053,24.94000053,5026,-4.881765114,-0.189998627
2021-05-12 15:30:00-04:00,UUP,24.94750023,24.97500038,24.8125,24.96750069,24.96750069,0,-4.776882759,0.020000458
2021-05-13 09:30:00-04:00,UUP,25.80500031,26.23500061,25.72500038,26.09250069,26.09250069,11911,-0.486264798,0.287500381
2021-05-13 10:30:00-04:00,UUP,25.94145012,26.01250076,25.47750092,25.47750092,25.47750092,4737,-2.831801744,-0.463949203
2021-05-13 11:30:00-04:00,UUP,25.46750069,25.56879997,25.18000031,25.49500084,25.49500084,6832,-2.765059089,0.027500153
2021-05-13 12:30:00-04:00,UUP,25.54750061,25.54750061,25.23250008,25.28750038,25.28750038,2212,-3.556441481,-0.260000229
2021-05-13 13:30:00-04:00,UUP,25.04999924,25.60625076,24.95999908,25.45999908,25.45999908,5066,-2.898551673,0.409999847
2021-05-13 14:30:00-04:00,UUP,25.77000046,25.77000046,25.54000092,25.59832573,25.59832573,2152,-2.370990085,-0.171674728
2021-05-13 15:30:00-04:00,UUP,25.7833252,25.7833252,25.4375,25.4375,25.4375,2235,-2.984360541,-0.345825195
2021-05-14 09:30:00-04:00,UUP,26.125,26.49500084,25.69249916,26.49500084,26.49500084,9540,1.048823543,0.370000839
2021-05-14 10:30:00-04:00,UUP,26.55249977,26.66180038,26.46500015,26.66180038,26.66180038,4439,1.684977432,0.109300613
2021-05-14 11:30:00-04:00,UUP,26.64682579,27,26.64682579,26.98250008,26.98250008,2582,2.908088417,0.335674286
2021-05-14 12:30:00-04:00,UUP,26.96750069,27.12249947,26.91749954,27.12249947,27.12249947,2500,3.442029658,0.154998779
2021-05-14 13:30:00-04:00,UUP,27.09749985,27.2784996,27,27.27112579,27.27112579,3556,4.008873027,0.173625946
2021-05-14 14:30:00-04:00,UUP,27.35750008,27.40250015,27.20000076,27.21999931,27.21999931,7324,3.813882632,-0.137500763
2021-05-14 15:30:00-04:00,UUP,27.23999977,27.23999977,27.02499962,27.02499962,27.02499962,6875,3.070176683,-0.215000153
2021-05-17 09:30:00-04:00,UUP,26.57500076,26.57500076,25.81749916,26.37249947,26.37249947,11470,0.581617683,-0.202501297
2021-05-17 10:30:00-04:00,UUP,26.0991993,26.62750053,26.0625,26.34900093,26.34900093,2830,0.491997028,0.249801636
2021-05-17 11:30:00-04:00,UUP,26.29249954,26.38750076,26.16602516,26.20499992,26.20499992,1255,-0.057205912,-0.087499619
2021-05-17 13:30:00-04:00,UUP,26.03617477,26.18499947,26.03617477,26.18499947,26.18499947,652,-0.13348531,0.148824692
2021-05-17 14:30:00-04:00,UUP,26.26749992,26.54999924,26.25749969,26.53125,26.53125,4115,1.187073588,0.263750076
2021-05-17 15:30:00-04:00,UUP,26.40500069,26.66500092,26.40500069,26.66500092,26.66500092,3162,1.697183882,0.260000229
2021-05-18 09:30:00-04:00,UUP,27.01250076,27.05500031,26.72249985,27.05500031,27.05500031,3743,3.184595781,0.042499542
2021-05-18 10:30:00-04:00,UUP,27.21500015,27.21500015,26.91650009,26.91650009,26.91650009,4322,2.656372221,-0.298500061
2021-05-18 11:30:00-04:00,UUP,26.74500084,26.83582497,26.6875,26.83582497,26.83582497,2093,2.348686763,0.090824127
2021-05-18 12:30:00-04:00,UUP,26.98250008,26.98250008,26.90250015,26.90250015,26.90250015,1436,2.602978097,-0.079999924
2021-05-18 13:30:00-04:00,UUP,26.92499924,26.92499924,26.84000015,26.84000015,26.84000015,500,2.364610433,-0.084999084
2021-05-18 14:30:00-04:00,UUP,26.57999992,26.59250069,26.35000038,26.55852509,26.55852509,3350,1.291097563,-0.021474838
2021-05-18 15:30:00-04:00,UUP,26.45999908,26.45999908,26.18250084,26.19499969,26.19499969,2712,-0.095345611,-0.26499939
2021-05-19 09:30:00-04:00,UUP,25.23999977,25.8125,25.00250053,25.80999947,25.80999947,9972,-1.563691297,0.569999695
2021-05-19 10:30:00-04:00,UUP,25.70499992,26.5,25.70499992,26.5,26.5,4707,1.067889756,0.795000076
2021-05-19 11:30:00-04:00,UUP,26.33250046,26.77750015,26.25250053,26.77750015,26.77750015,2530,2.126242768,0.444999695
2021-05-19 12:30:00-04:00,UUP,26.78249931,27.0027256,26.70249939,26.99250031,26.99250031,3218,2.946228116,0.210000992
2021-05-19 13:30:00-04:00,UUP,26.89749908,27.12414932,26.63500023,27.12414932,27.12414932,2463,3.448322017,0.226650238
2021-05-19 14:30:00-04:00,UUP,27.09250069,27.09250069,26.64999962,26.98500061,26.98500061,16002,2.91762516,-0.107500076
2021-05-19 15:30:00-04:00,UUP,26.72999954,27.10000038,26.72999954,27.10000038,27.10000038,2620,3.35622079,0.370000839
2021-05-20 09:30:00-04:00,UUP,27.59749985,28.28000069,27.59749985,28.20000076,28.20000076,0,7.55149314,0.602500916
2021-05-20 10:30:00-04:00,UUP,28.125,28.51000023,28.125,28.51000023,28.51000023,46960,8.73379472,0.385000229
2021-05-20 11:30:00-04:00,UUP,28.51250076,28.62000084,28.43000031,28.43000031,28.43000031,5360,8.4286844,-0.082500458
2021-05-20 12:30:00-04:00,UUP,28.36750031,28.59749985,28.36750031,28.59749985,28.59749985,4028,9.067507995,0.229999542
2021-05-20 13:30:00-04:00,UUP,28.6426754,28.70874977,28.53325081,28.70874977,28.70874977,1954,9.491802147,0.066074371
2021-05-20 14:30:00-04:00,UUP,28.73250008,28.89999962,28.73250008,28.89999962,28.89999962,3272,10.22120662,0.167499542
2021-05-20 15:30:00-04:00,UUP,28.92000008,28.92000008,28.64500046,28.72249985,28.72249985,51202,9.544243324,-0.197500229
2021-05-21 09:30:00-04:00,UUP,29.21249962,29.33499908,28.78567505,28.81374931,28.81374931,12042,9.892258078,-0.398750305
2021-05-21 10:30:00-04:00,UUP,28.87000084,28.87000084,28.58047485,28.61499977,28.61499977,4414,9.13425065,-0.255001068
2021-05-21 11:30:00-04:00,UUP,28.64847565,28.64847565,28.5,28.54999924,28.54999924,4461,8.886346242,-0.09847641
2021-05-21 12:30:00-04:00,UUP,28.62999916,28.76250076,28.62999916,28.76250076,28.76250076,2040,9.696802121,0.132501602
2021-05-21 14:30:00-04:00,UUP,28.85000038,28.90749931,28.76749992,28.90250015,28.90250015,3162,10.23074336,0.052499771
2021-05-21 15:30:00-04:00,UUP,28.75,28.75,28.64942551,28.65500069,28.65500069,1653,9.286809447,-0.094999313
2021-05-24 09:30:00-04:00,UUP,29.21249962,30,29.19000053,30,30,13870,14.41647897,0.787500381
2021-05-24 10:30:00-04:00,UUP,29.93000031,30.00875092,29.82502556,29.99887466,29.99887466,6584,14.41218707,0.068874359
2021-05-24 11:30:00-04:00,UUP,29.99749947,30.10107422,29.99749947,30.0802002,30.0802002,2818,14.7223531,0.082700729
2021-05-24 12:30:00-04:00,UUP,30.125,30.20682526,30.08749962,30.19249916,30.19249916,3403,15.15064817,0.067499161
2021-05-24 13:30:00-04:00,UUP,30.25,30.34000015,30.25,30.34000015,30.34000015,3068,15.71319965,0.090000153
2021-05-24 14:30:00-04:00,UUP,30.33117485,30.40250015,30.22249985,30.26250076,30.26250076,3658,15.41762607,-0.068674088
2021-05-24 15:30:00-04:00,UUP,30.23749924,30.25250053,30.04249954,30.04750061,30.04750061,5844,14.59764072,-0.189998627
2021-05-25 09:30:00-04:00,UUP,30.44000053,30.56999969,29.97999954,30.32500076,30.32500076,34675,15.65599373,-0.114999771
2021-05-25 10:30:00-04:00,UUP,30.32999992,30.60000038,29.86199951,29.90699959,29.90699959,22459,14.06178631,-0.423000336
2021-05-25 11:30:00-04:00,UUP,29.95000076,30.21999931,29.84000015,30.14870071,30.14870071,4375,14.98360604,0.198699951
2021-05-25 12:30:00-04:00,UUP,30.06999969,30.25,29.92000008,30.25,30.25,22701,15.36994963,0.180000305
2021-05-25 13:30:00-04:00,UUP,30.24500084,30.25,30.15209961,30.25,30.25,5576,15.36994963,0.004999161
2021-05-25 14:30:00-04:00,UUP,30.28000069,30.28000069,30.02000046,30.14999962,30.14999962,7860,14.98855991,-0.130001068
2021-05-25 15:30:00-04:00,UUP,30.10000038,30.22999954,30.04999924,30.22999954,30.22999954,7862,15.29367023,0.129999161
2021-05-26 09:30:00-04:00,UUP,30.31999969,30.62999916,30.05500031,30.28000069,30.28000069,20196,15.48436872,-0.039999008
2021-05-26 10:30:00-04:00,UUP,30.2887001,30.34000015,30.13979912,30.20000076,30.20000076,18513,15.17925841,-0.088699341
2021-05-26 11:30:00-04:00,UUP,30,30.20999908,29.90999985,30.15999985,30.15999985,8354,15.02669961,0.159999847
2021-05-26 12:30:00-04:00,UUP,30.18000031,30.18000031,30.12999916,30.12999916,30.12999916,2523,14.91228051,-0.050001144
2021-05-26 13:30:00-04:00,UUP,30.05599976,30.21999931,30.03000069,30.21999931,30.21999931,2212,15.25553053,0.163999557
2021-05-26 14:30:00-04:00,UUP,30.20999908,30.31049919,30.20999908,30.31049919,30.31049919,6236,15.60068644,0.100500107
2021-05-26 15:30:00-04:00,UUP,30.30999947,30.30999947,30.20999908,30.28000069,30.28000069,1453,15.48436872,-0.029998779
2021-05-27 09:30:00-04:00,UUP,30.31999969,30.73999977,30.19000053,30.68499947,30.68499947,8769,17.02898654,0.364999771
2021-05-27 10:30:00-04:00,UUP,30.65749931,30.90999985,30.55999947,30.71240044,30.71240044,19369,17.13349062,0.054901123
2021-05-27 11:30:00-04:00,UUP,30.71999931,30.83909988,30.65999985,30.7942009,30.7942009,5225,17.44546798,0.074201584
2021-05-27 12:30:00-04:00,UUP,30.75,30.81999969,30.70999908,30.77000046,30.77000046,7660,17.35317034,0.020000458
2021-05-27 13:30:00-04:00,UUP,30.70000076,30.76000023,30.53000069,30.53000069,30.53000069,5899,16.43783938,-0.170000076
2021-05-27 14:30:00-04:00,UUP,30.55999947,30.60000038,30.48999977,30.55999947,30.55999947,6701,16.55225121,0
2021-05-27 15:30:00-04:00,UUP,30.53000069,30.65999985,30.45000076,30.65999985,30.65999985,11296,16.93364092,0.129999161
2021-05-28 09:30:00-04:00,UUP,30.79000092,31.29000092,30.73399925,31.10000038,31.10000038,62696,18.61175132,0.309999466
2021-05-28 10:30:00-04:00,UUP,31.12000084,31.43000031,31.12000084,31.35000038,31.35000038,24431,19.56522198,0.229999542
2021-05-28 11:30:00-04:00,UUP,31.40060043,31.56999969,31.40060043,31.4265995,31.4265995,8830,19.85736203,0.025999069
2021-05-28 12:30:00-04:00,UUP,31.47850037,31.61000061,31.47850037,31.53039932,31.53039932,7039,20.25324237,0.051898956
2021-05-28 13:30:00-04:00,UUP,31.46999931,31.4762001,31.37999916,31.4762001,31.4762001,4171,20.04653291,0.00620079
2021-05-28 14:30:00-04:00,UUP,31.50009918,31.54500008,31.45999908,31.53000069,31.53000069,34912,20.25172202,0.029901505
2021-05-28 15:30:00-04:00,UUP,31.54000092,31.55999947,31.31999969,31.38010025,31.38010025,30145,19.68001934,-0.159900665
2021-06-01 09:30:00-04:00,UUP,31.80999947,32.20999908,31.04999924,31.27000046,31.27000046,44152,19.26011166,-0.539999008
2021-06-01 10:30:00-04:00,UUP,31.29999924,31.36000061,30.81500053,31.07999992,31.07999992,14784,18.53547192,-0.219999313
2021-06-01 11:30:00-04:00,UUP,31.05999947,31.23999977,31.05999947,31.23999977,31.23999977,5488,19.14569256,0.180000305
2021-06-01 12:30:00-04:00,UUP,31.23999977,31.24500084,30.95000076,31.09000015,31.09000015,10135,18.57361162,-0.149999619
2021-06-01 13:30:00-04:00,UUP,31.10000038,31.21999931,31.06999969,31.21999931,31.21999931,4129,19.06941316,0.119998932
2021-06-01 14:30:00-04:00,UUP,31.20499992,31.44000053,31.20499992,31.3314991,31.3314991,6911,19.49466026,0.126499176
2021-06-01 15:30:00-04:00,UUP,31.32999992,31.38999939,31.11000061,31.13999939,31.13999939,100120,18.76430284,-0.190000534
2021-06-02 09:30:00-04:00,UUP,31.18000031,31.86759949,31.04000092,31.73620033,31.73620033,16753,21.03814326,0.556200027
2021-06-02 10:30:00-04:00,UUP,31.79000092,32.04000092,31.77000046,31.88999939,31.88999939,8089,21.62471482,0.099998474
2021-06-02 11:30:00-04:00,UUP,31.95000076,32.06990051,31.75600052,31.75600052,31.75600052,23419,21.11365885,-0.194000244
2021-06-02 12:30:00-04:00,UUP,31.79999924,31.86000061,31.59000015,31.59000015,31.59000015,2297,20.48055294,-0.209999084
2021-06-02 13:30:00-04:00,UUP,31.70019913,31.73999977,31.59499931,31.70999908,31.70999908,9336,20.93821478,0.009799957
2021-06-02 14:30:00-04:00,UUP,31.7201004,31.75,31.64999962,31.71479988,31.71479988,25816,20.95652445,-0.005300522
2021-06-02 15:30:00-04:00,UUP,31.77000046,31.81999969,31.67910004,31.81999969,31.81999969,11287,21.3577442,0.049999237
2021-06-03 09:30:00-04:00,UUP,31.12000084,31.29999924,30.57999992,31.06999969,31.06999969,13015,18.49733222,-0.050001144
2021-06-03 10:30:00-04:00,UUP,31.05999947,31.5,30.85000038,31.23999977,31.23999977,3657,19.14569256,0.180000305
2021-06-03 11:30:00-04:00,UUP,31.22500038,31.40500069,31.13999939,31.21500015,31.21500015,4370,19.05034695,-0.010000229
2021-06-03 12:30:00-04:00,UUP,31.35499954,31.45849991,31.35000038,31.37000084,31.37000084,1873,19.64150138,0.015001297
2021-06-03 13:30:00-04:00,UUP,31.53039932,31.55500031,31.19000053,31.20999908,31.20999908,7897,19.03127346,-0.320400238
2021-06-03 14:30:00-04:00,UUP,31.27000046,31.27009964,31.09000015,31.1616993,31.1616993,7793,18.84706373,-0.108301163
2021-06-03 15:30:00-04:00,UUP,31.18000031,31.19179916,30.90500069,30.90500069,30.90500069,46736,17.86804537,-0.274999619
2021-06-04 09:30:00-04:00,UUP,31.5,32.5,31.5,32.29999924,32.29999924,47110,23.18840611,0.799999237
2021-06-04 10:30:00-04:00,UUP,32.31999969,32.52999878,32.31000137,32.45999908,32.45999908,14168,23.79862675,0.13999939
2021-06-04 11:30:00-04:00,UUP,32.40000153,32.43999863,32.24000168,32.25999832,32.25999832,26542,23.03584732,-0.140003204
2021-06-04 12:30:00-04:00,UUP,32.29000092,32.45000076,32.27000046,32.42169952,32.42169952,9700,23.65255672,0.131698608
2021-06-04 13:30:00-04:00,UUP,32.44010162,32.61999893,32.41400146,32.55500031,32.55500031,10884,24.16095026,0.114898682
2021-06-04 14:30:00-04:00,UUP,32.54499817,32.56499863,32.43009949,32.43009949,32.43009949,10382,23.6845932,-0.114898682
2021-06-04 15:30:00-04:00,UUP,32.43000031,32.5,32.33599854,32.43999863,32.43999863,8283,23.72234735,0.009998322
2021-06-07 09:30:00-04:00,UUP,32.31000137,32.34000015,31.80999947,31.97999954,31.97999954,30719,21.96796483,-0.330001831
2021-06-07 10:30:00-04:00,UUP,31.96380043,32.0401001,31.54999924,31.54999924,31.54999924,19338,20.32799414,-0.413801193
2021-06-07 11:30:00-04:00,UUP,31.64999962,31.82999992,31.5,31.82909966,31.82909966,3588,21.39245038,0.179100037
2021-06-07 12:30:00-04:00,UUP,31.86599922,31.92000008,31.80400085,31.87999916,31.87999916,8771,21.58657512,0.013999939
2021-06-07 13:30:00-04:00,UUP,31.87000084,31.93000031,31.82089996,31.88400078,31.88400078,3745,21.60183682,0.013999939
2021-06-07 14:30:00-04:00,UUP,31.89999962,32.13999939,31.87000084,32.11000061,32.11000061,8818,22.46377365,0.210000992
2021-06-07 15:30:00-04:00,UUP,32.08000183,32.12829971,32.04999924,32.06000137,32.06000137,50719,22.27308243,-0.020000458
2021-06-08 09:30:00-04:00,UUP,32.41999817,32.51599884,31.62999916,31.70000076,31.70000076,18181,20.90008235,-0.719997406
2021-06-08 10:30:00-04:00,UUP,31.64999962,31.69000053,31.20000076,31.28000069,31.28000069,32047,19.29825136,-0.369998932
2021-06-08 11:30:00-04:00,UUP,31.34009933,31.63999939,31.26499939,31.59989929,31.59989929,7694,20.51830709,0.259799957
2021-06-08 12:30:00-04:00,UUP,31.67000008,31.75,31.62999916,31.65500069,31.65500069,32118,20.72845734,-0.01499939
2021-06-08 13:30:00-04:00,UUP,31.64500046,31.68050003,31.53000069,31.54999924,31.54999924,4593,20.32799414,-0.095001221
2021-06-08 14:30:00-04:00,UUP,31.54899979,31.625,31.48999977,31.53000069,31.53000069,5028,20.25172202,-0.0189991
2021-06-08 15:30:00-04:00,UUP,31.5590992,31.64999962,31.52000046,31.62000084,31.62000084,15480,20.59497203,0.060901642
2021-06-09 09:30:00-04:00,UUP,32,32,31.34059906,31.43519974,31.43519974,43893,19.89016232,-0.564800262
2021-06-09 10:30:00-04:00,UUP,31.49500084,31.51000023,31.36000061,31.45330048,31.45330048,6479,19.95919641,-0.041700363
2021-06-09 11:30:00-04:00,UUP,31.45350075,31.55999947,31.42000008,31.55999947,31.55999947,12979,20.36613384,0.106498718
2021-06-09 12:30:00-04:00,UUP,31.60000038,31.67000008,31.56999969,31.67000008,31.67000008,4954,20.78566326,0.069999695
2021-06-09 13:30:00-04:00,UUP,31.57999992,31.62000084,31.54999924,31.57999992,31.57999992,2510,20.44241324,0
2021-06-09 14:30:00-04:00,UUP,31.51000023,31.51000023,31.35000038,31.35000038,31.35000038,14316,19.56522198,-0.159999847
2021-06-09 15:30:00-04:00,UUP,31.31909943,31.35000038,31.28000069,31.28000069,31.28000069,80715,19.29825136,-0.03909874
2021-06-10 09:30:00-04:00,UUP,31.40999985,32.15000153,31.40999985,31.74500084,31.74500084,47375,21.07170736,0.335000992
2021-06-10 10:30:00-04:00,UUP,31.79800034,31.79800034,31.11000061,31.51000023,31.51000023,38026,20.17544262,-0.288000107
2021-06-10 11:30:00-04:00,UUP,31.59000015,31.70000076,31.55960083,31.69000053,31.69000053,5128,20.86194265,0.100000381
2021-06-10 12:30:00-04:00,UUP,31.68000031,31.88999939,31.68000031,31.80999947,31.80999947,25635,21.3196045,0.129999161
2021-06-10 13:30:00-04:00,UUP,31.77009964,32.02000046,31.73999977,31.90999985,31.90999985,3868,21.70099421,0.139900208
2021-06-10 14:30:00-04:00,UUP,31.96999931,32.04999924,31.94000053,31.94000053,31.94000053,7889,21.81541331,-0.029998779
2021-06-10 15:30:00-04:00,UUP,31.95000076,31.98999977,31.85000038,31.95000076,31.95000076,8949,21.85355301,0
2021-06-11 09:30:00-04:00,UUP,32.11999893,32.22000122,31.90880013,32.22000122,32.22000122,0,22.88330307,0.100002289
2021-06-11 10:30:00-04:00,UUP,32.22000122,32.22000122,31.95000076,32.09000015,32.09000015,2241,22.38749425,-0.130001068
2021-06-11 11:30:00-04:00,UUP,32.08990097,32.18000031,32.08000183,32.13000107,32.13000107,5468,22.54005305,0.040100098
2021-06-11 12:30:00-04:00,UUP,32.20000076,32.22999954,32.18000031,32.18000031,32.18000031,1592,22.73074427,-0.020000458
2021-06-11 13:30:00-04:00,UUP,32.30009842,32.43000031,32.30009842,32.40999985,32.40999985,4075,23.60793553,0.109901428
2021-06-11 14:30:00-04:00,UUP,32.36999893,32.36999893,32.25,32.27999878,32.27999878,9680,23.11212671,-0.090000153
2021-06-11 15:30:00-04:00,UUP,32.27999878,32.36999893,32.20999908,32.36999893,32.36999893,4886,23.45537673,0.090000153
2021-06-14 09:30:00-04:00,UUP,32.52000046,32.61999893,32.09999847,32.19250107,32.19250107,28947,22.77842071,-0.32749939
2021-06-14 10:30:00-04:00,UUP,32.15999985,32.52999878,32.15999985,32.52999878,32.52999878,2843,24.06559737,0.369998932
2021-06-14 11:30:00-04:00,UUP,32.50479889,33.04999924,32.43999863,32.89619827,32.89619827,16666,25.46223926,0.391399384
2021-06-14 12:30:00-04:00,UUP,32.84999847,32.90999985,32.81000137,32.88000107,32.88000107,7858,25.40046502,0.030002594
2021-06-14 13:30:00-04:00,UUP,32.92990112,32.93000031,32.66090012,32.66090012,32.66090012,6937,24.56483971,-0.269001007
2021-06-14 14:30:00-04:00,UUP,32.72999954,32.79999924,32.72000122,32.75600052,32.75600052,2765,24.92754148,0.026000977
2021-06-14 15:30:00-04:00,UUP,32.75,33.09999847,32.75,33.09999847,33.09999847,8682,26.23950931,0.349998474
2021-06-15 09:30:00-04:00,UUP,33.06999969,33.31000137,32.77999878,32.77999878,32.77999878,43813,25.01906803,-0.290000916
2021-06-15 10:30:00-04:00,UUP,32.79999924,32.91070175,32.69729996,32.69729996,32.69729996,5463,24.70366443,-0.10269928
2021-06-15 11:30:00-04:00,UUP,32.70009995,32.88000107,32.58000183,32.88000107,32.88000107,29155,25.40046502,0.179901123
2021-06-15 12:30:00-04:00,UUP,32.90990067,32.95000076,32.77999878,32.77999878,32.77999878,2732,25.01906803,-0.129901886
2021-06-15 13:30:00-04:00,UUP,32.81999969,32.97000122,32.59999847,32.65999985,32.65999985,3700,24.56140619,-0.159999847
2021-06-15 14:30:00-04:00,UUP,32.59999847,32.6617012,32.56000137,32.56999969,32.56999969,3033,24.21815617,-0.029998779
2021-06-15 15:30:00-04:00,UUP,32.56100082,32.63579941,32.47000122,32.54000092,32.54000092,5238,24.10374435,-0.020999908
2021-06-16 09:30:00-04:00,UUP,32.79000092,33.00999832,32.70000076,32.81000137,32.81000137,23474,25.1334944,0.020000458
2021-06-16 10:30:00-04:00,UUP,32.71580124,32.81999969,32.66999817,32.81999969,32.81999969,7776,25.17162683,0.104198456
2021-06-16 11:30:00-04:00,UUP,32.74000168,32.78499985,32.39899826,32.44729996,32.44729996,5364,23.75019377,-0.292701721
2021-06-16 12:30:00-04:00,UUP,32.49000168,32.60229874,32.49000168,32.60229874,32.60229874,3626,24.34134092,0.112297058
2021-06-16 13:30:00-04:00,UUP,32.65999985,32.65999985,31.63999939,32.04999924,32.04999924,13598,22.23493546,-0.61000061
2021-06-16 14:30:00-04:00,UUP,32.0503006,32.38000107,31.64999962,32.25,32.25,28822,22.99771489,0.199699402
2021-06-16 15:30:00-04:00,UUP,32.29100037,32.54000092,32.18999863,32.18999863,32.18999863,72586,22.7688767,-0.10100174
2021-06-17 09:30:00-04:00,UUP,32.04999924,33.36999893,32.04999924,33.36999893,33.36999893,46706,27.26925937,1.319999695
2021-06-17 10:30:00-04:00,UUP,33.34999847,33.59999847,33.11999893,33.48070145,33.48070145,36535,27.69146576,0.130702972
2021-06-17 11:30:00-04:00,UUP,33.52500153,33.70000076,32.72000122,32.72499847,32.72499847,11775,24.80930332,-0.800003052
2021-06-17 12:30:00-04:00,UUP,32.71500015,33.22999954,32.71500015,33.22499847,33.22499847,14663,26.71624464,0.509998322
2021-06-17 13:30:00-04:00,UUP,33.36000061,33.49620056,33.27999878,33.36009979,33.36009979,4853,27.23150521,9.92E-05
2021-06-17 14:30:00-04:00,UUP,33.40999985,33.45999908,33.25,33.38999939,33.38999939,25349,27.34553876,-0.020000458
2021-06-17 15:30:00-04:00,UUP,33.41999817,33.41999817,33.24000168,33.24000168,33.24000168,11137,26.7734651,-0.17999649
2021-06-18 09:30:00-04:00,UUP,32.93999863,33.11600113,32.47999954,32.75999832,32.75999832,26330,24.94278863,-0.180000305
2021-06-18 10:30:00-04:00,UUP,32.75,32.90999985,32.15000153,32.15000153,32.15000153,13214,22.61633245,-0.599998474
2021-06-18 11:30:00-04:00,UUP,32.27000046,32.43999863,32.22999954,32.43999863,32.43999863,3225,23.72234735,0.169998169
2021-06-18 12:30:00-04:00,UUP,32.43999863,32.43999863,32.22000122,32.26910019,32.26910019,7828,23.07056077,-0.170898438
2021-06-18 13:30:00-04:00,UUP,32.31000137,32.40999985,32.22000122,32.22000122,32.22000122,10066,22.88330307,-0.090000153
2021-06-18 14:30:00-04:00,UUP,32.25,32.25,31.69000053,32.13000107,32.13000107,54474,22.54005305,-0.119998932
2021-06-18 15:30:00-04:00,UUP,32.04999924,32.31000137,31.92000008,31.9265995,31.9265995,12572,21.76430335,-0.123399734
2021-06-21 09:30:00-04:00,UUP,31.89999962,31.90999985,31.26000023,31.32999992,31.32999992,24481,19.48894258,-0.569999695
2021-06-21 10:30:00-04:00,UUP,31.43659973,31.84000015,31.42000008,31.54999924,31.54999924,28508,20.32799414,0.113399506
2021-06-21 11:30:00-04:00,UUP,31.62999916,31.87999916,31.57999992,31.80999947,31.80999947,5951,21.3196045,0.180000305
2021-06-21 12:30:00-04:00,UUP,31.87000084,31.87000084,31.68499947,31.75,31.75,5000,21.09077358,-0.120000839
2021-06-21 13:30:00-04:00,UUP,31.73999977,32.02000046,31.71999931,31.99069977,31.99069977,8540,22.00877424,0.250699997
2021-06-21 14:30:00-04:00,UUP,31.96999931,32.00999832,31.79999924,31.81999969,31.81999969,12445,21.3577442,-0.149999619
2021-06-21 15:30:00-04:00,UUP,31.87000084,32.11999893,31.87000084,32.11999893,32.11999893,0,22.50190608,0.249998093
2021-06-22 09:30:00-04:00,UUP,32.15000153,32.45999908,31.90999985,32.43650055,32.43650055,7878,23.7090061,0.286499023
2021-06-22 10:30:00-04:00,UUP,32.45999908,32.70000076,32.38000107,32.70000076,32.70000076,9921,24.71396499,0.240001678
2021-06-22 11:30:00-04:00,UUP,32.67079926,32.68999863,32.61000061,32.66600037,32.66600037,7055,24.58429146,-0.004798889
2021-06-22 12:30:00-04:00,UUP,32.68000031,32.68000031,32.38000107,32.38000107,32.38000107,6373,23.49352371,-0.299999237
2021-06-22 13:30:00-04:00,UUP,32.40000153,32.4612999,32.29000092,32.29999924,32.29999924,17590,23.18840611,-0.100002289
2021-06-22 14:30:00-04:00,UUP,32.20999908,32.5,32.15999985,32.5,32.5,4638,23.95118555,0.290000916
2021-06-22 15:30:00-04:00,UUP,32.54999924,32.59000015,32.47000122,32.58000183,32.58000183,7032,24.25630314,0.030002594
2021-06-23 09:30:00-04:00,UUP,32.65999985,33.15000153,32.65999985,33.04000092,33.04000092,25580,26.01068566,0.380001068
2021-06-23 10:30:00-04:00,UUP,33.02999878,33.04999924,32.86500168,32.93500137,32.93500137,4648,25.61022973,-0.094997406
2021-06-23 11:30:00-04:00,UUP,32.90999985,33.15399933,32.90999985,33.11999893,33.11999893,11011,26.31578871,0.209999084
2021-06-23 12:30:00-04:00,UUP,33.02999878,33.02999878,32.88499832,32.98009872,32.98009872,8770,25.78222574,-0.049900055
2021-06-23 13:30:00-04:00,UUP,32.97999954,32.97999954,32.88999939,32.90999985,32.90999985,7957,25.51487685,-0.069999695
2021-06-23 14:30:00-04:00,UUP,32.99000168,33.03089905,32.95999908,33.03089905,33.03089905,4291,25.97597221,0.040897369
2021-06-23 15:30:00-04:00,UUP,32.99000168,32.99000168,32.81999969,32.88999939,32.88999939,6621,25.43859745,-0.100002289
2021-06-24 09:30:00-04:00,UUP,33.33000183,33.81000137,33.33000183,33.68000031,33.68000031,42737,28.45156822,0.349998474
2021-06-24 10:30:00-04:00,UUP,33.77899933,33.95000076,33.74990082,33.91999817,33.91999817,10858,29.3668919,0.14099884
2021-06-24 11:30:00-04:00,UUP,33.88000107,34.04999924,33.88000107,34,34,17211,29.6720095,0.119998932
2021-06-24 12:30:00-04:00,UUP,33.86600113,33.90000153,33.72999954,33.72999954,33.72999954,5329,28.64225944,-0.136001587
2021-06-24 13:30:00-04:00,UUP,33.64989853,33.83000183,33.59999847,33.83000183,33.83000183,1518,29.02365643,0.180103302
2021-06-24 14:30:00-04:00,UUP,33.90999985,33.99000168,33.84999847,33.84999847,33.84999847,4945,29.09992128,-0.060001373
2021-06-24 15:30:00-04:00,UUP,33.81999969,33.90000153,33.81999969,33.90000153,33.90000153,6724,29.29062705,0.080001831
2021-06-25 09:30:00-04:00,UUP,34.08000183,34.20000076,33.7798996,33.95000076,33.95000076,40106,29.48131828,-0.130001068
2021-06-25 10:30:00-04:00,UUP,34.00500107,34.06000137,33.88000107,34,34,2789,29.6720095,-0.005001068
2021-06-25 11:30:00-04:00,UUP,34.09999847,34.11989975,33.77000046,33.77000046,33.77000046,5348,28.79481824,-0.329998016
2021-06-25 12:30:00-04:00,UUP,33.77199936,33.86000061,33.77000046,33.77000046,33.77000046,2348,28.79481824,-0.001998901
2021-06-25 13:30:00-04:00,UUP,33.74679947,33.79000092,33.74679947,33.77999878,33.77999878,799,28.83295066,0.03319931
2021-06-25 14:30:00-04:00,UUP,33.84980011,33.90999985,33.74010086,33.74010086,33.74010086,3028,28.68078468,-0.109699249
2021-06-25 15:30:00-04:00,UUP,33.75,33.75,33.44010162,33.61000061,33.61000061,5587,28.1845976,-0.13999939